{"v":"5.6.5","fr":30,"ip":0,"op":29,"w":44,"h":44,"nm":"cu-star-on","ddd":0,"assets":[],"layers":[{"ddd":0,"ind":1,"ty":4,"nm":"ray-8","sr":1,"ks":{"o":{"a":1,"k":[{"i":{"x":[0.667],"y":[1]},"o":{"x":[0.167],"y":[0.167]},"t":12,"s":[100]},{"t":20,"s":[0]}],"ix":11},"r":{"a":0,"k":45,"ix":10},"p":{"a":0,"k":[22,22,0],"ix":2},"a":{"a":0,"k":[0,0,0],"ix":1},"s":{"a":0,"k":[100,100,100],"ix":6}},"ao":0,"shapes":[{"ty":"gr","it":[{"ty":"rc","d":1,"s":{"a":1,"k":[{"i":{"x":[0.667,0.667],"y":[1,1]},"o":{"x":[0.167,0.167],"y":[0.167,0.167]},"t":6,"s":[8,4]},{"t":17,"s":[2,2]}],"ix":2},"p":{"a":1,"k":[{"i":{"x":0.833,"y":0.841},"o":{"x":0.167,"y":0.167},"t":6,"s":[0,0],"to":[0.579,0],"ti":[-1.103,0]},{"i":{"x":0.833,"y":0.842},"o":{"x":0.167,"y":0.175},"t":7,"s":[3.472,0],"to":[1.103,0],"ti":[-0.992,0]},{"i":{"x":0.833,"y":0.843},"o":{"x":0.167,"y":0.177},"t":8,"s":[6.615,0],"to":[0.992,0],"ti":[-0.881,0]},{"i":{"x":0.833,"y":0.844},"o":{"x":0.167,"y":0.178},"t":9,"s":[9.424,0],"to":[0.881,0],"ti":[-0.771,0]},{"i":{"x":0.833,"y":0.846},"o":{"x":0.167,"y":0.179},"t":10,"s":[11.9,0],"to":[0.771,0],"ti":[-0.661,0]},{"i":{"x":0.833,"y":0.848},"o":{"x":0.167,"y":0.182},"t":11,"s":[14.05,0],"to":[0.661,0],"ti":[-0.551,0]},{"i":{"x":0.833,"y":0.852},"o":{"x":0.167,"y":0.185},"t":12,"s":[15.867,0],"to":[0.551,0],"ti":[-0.441,0]},{"i":{"x":0.833,"y":0.857},"o":{"x":0.167,"y":0.191},"t":13,"s":[17.356,0],"to":[0.441,0],"ti":[-0.331,0]},{"i":{"x":0.833,"y":0.867},"o":{"x":0.167,"y":0.199},"t":14,"s":[18.513,0],"to":[0.331,0],"ti":[-0.221,0]},{"i":{"x":0.833,"y":0.889},"o":{"x":0.167,"y":0.223},"t":15,"s":[19.343,0],"to":[0.221,0],"ti":[-0.109,0]},{"i":{"x":0.833,"y":0.917},"o":{"x":0.167,"y":0.337},"t":16,"s":[19.838,0],"to":[0.109,0],"ti":[-0.027,0]},{"i":{"x":0.833,"y":0.833},"o":{"x":0.167,"y":0.167},"t":17,"s":[20,0],"to":[0,0],"ti":[0,0]},{"i":{"x":0.833,"y":0.833},"o":{"x":0.167,"y":0.167},"t":18,"s":[20,0],"to":[0,0],"ti":[0,0]},{"i":{"x":0.833,"y":0.833},"o":{"x":0.167,"y":0.167},"t":19,"s":[20,0],"to":[0,0],"ti":[0,0]},{"i":{"x":0.833,"y":0.833},"o":{"x":0.167,"y":0.167},"t":20,"s":[20,0],"to":[0,0],"ti":[0,0]},{"i":{"x":0.833,"y":0.833},"o":{"x":0.167,"y":0.167},"t":21,"s":[20,0],"to":[0,0],"ti":[0,0]},{"i":{"x":0.833,"y":0.833},"o":{"x":0.167,"y":0.167},"t":22,"s":[20,0],"to":[0,0],"ti":[0,0]},{"i":{"x":0.833,"y":0.833},"o":{"x":0.167,"y":0.167},"t":23,"s":[20,0],"to":[0,0],"ti":[0,0]},{"i":{"x":0.833,"y":0.833},"o":{"x":0.167,"y":0.167},"t":24,"s":[20,0],"to":[0,0],"ti":[0,0]},{"i":{"x":0.833,"y":0.833},"o":{"x":0.167,"y":0.167},"t":25,"s":[20,0],"to":[0,0],"ti":[0,0]},{"i":{"x":0.833,"y":0.833},"o":{"x":0.167,"y":0.167},"t":26,"s":[20,0],"to":[0,0],"ti":[0,0]},{"i":{"x":0.833,"y":0.833},"o":{"x":0.167,"y":0.167},"t":27,"s":[20,0],"to":[0,0],"ti":[0,0]},{"t":28,"s":[20,0]}],"ix":3},"r":{"a":0,"k":10,"ix":4},"nm":"Rectangle Path 1","mn":"ADBE Vector Shape - Rect","hd":false},{"ty":"st","c":{"a":0,"k":[0,0,0,1],"ix":3},"o":{"a":0,"k":100,"ix":4},"w":{"a":0,"k":0,"ix":5},"lc":1,"lj":1,"ml":4,"bm":0,"nm":"Stroke 1","mn":"ADBE Vector Graphic - Stroke","hd":false},{"ty":"fl","c":{"a":0,"k":[0,0,0,1],"ix":4},"o":{"a":0,"k":100,"ix":5},"r":1,"bm":0,"nm":"Fill 1","mn":"ADBE Vector Graphic - Fill","hd":false},{"ty":"tr","p":{"a":0,"k":[0,0],"ix":2},"a":{"a":0,"k":[0,0],"ix":1},"s":{"a":0,"k":[100,100],"ix":3},"r":{"a":0,"k":0,"ix":6},"o":{"a":0,"k":100,"ix":7},"sk":{"a":0,"k":0,"ix":4},"sa":{"a":0,"k":0,"ix":5},"nm":"Transform"}],"nm":"Rectangle 1","np":3,"cix":2,"bm":0,"ix":1,"mn":"ADBE Vector Group","hd":false}],"ip":6,"op":29,"st":-11,"bm":0},{"ddd":0,"ind":2,"ty":4,"nm":"ray-7","sr":1,"ks":{"o":{"a":1,"k":[{"i":{"x":[0.667],"y":[1]},"o":{"x":[0.167],"y":[0.167]},"t":12,"s":[100]},{"t":20,"s":[0]}],"ix":11},"r":{"a":0,"k":225,"ix":10},"p":{"a":0,"k":[22,22,0],"ix":2},"a":{"a":0,"k":[0,0,0],"ix":1},"s":{"a":0,"k":[100,100,100],"ix":6}},"ao":0,"shapes":[{"ty":"gr","it":[{"ty":"rc","d":1,"s":{"a":1,"k":[{"i":{"x":[0.667,0.667],"y":[1,1]},"o":{"x":[0.167,0.167],"y":[0.167,0.167]},"t":6,"s":[8,4]},{"t":17,"s":[2,2]}],"ix":2},"p":{"a":1,"k":[{"i":{"x":0.833,"y":0.841},"o":{"x":0.167,"y":0.167},"t":6,"s":[0,0],"to":[0.579,0],"ti":[-1.103,0]},{"i":{"x":0.833,"y":0.842},"o":{"x":0.167,"y":0.175},"t":7,"s":[3.472,0],"to":[1.103,0],"ti":[-0.992,0]},{"i":{"x":0.833,"y":0.843},"o":{"x":0.167,"y":0.177},"t":8,"s":[6.615,0],"to":[0.992,0],"ti":[-0.881,0]},{"i":{"x":0.833,"y":0.844},"o":{"x":0.167,"y":0.178},"t":9,"s":[9.424,0],"to":[0.881,0],"ti":[-0.771,0]},{"i":{"x":0.833,"y":0.846},"o":{"x":0.167,"y":0.179},"t":10,"s":[11.9,0],"to":[0.771,0],"ti":[-0.661,0]},{"i":{"x":0.833,"y":0.848},"o":{"x":0.167,"y":0.182},"t":11,"s":[14.05,0],"to":[0.661,0],"ti":[-0.551,0]},{"i":{"x":0.833,"y":0.852},"o":{"x":0.167,"y":0.185},"t":12,"s":[15.867,0],"to":[0.551,0],"ti":[-0.441,0]},{"i":{"x":0.833,"y":0.857},"o":{"x":0.167,"y":0.191},"t":13,"s":[17.356,0],"to":[0.441,0],"ti":[-0.331,0]},{"i":{"x":0.833,"y":0.867},"o":{"x":0.167,"y":0.199},"t":14,"s":[18.513,0],"to":[0.331,0],"ti":[-0.221,0]},{"i":{"x":0.833,"y":0.889},"o":{"x":0.167,"y":0.223},"t":15,"s":[19.343,0],"to":[0.221,0],"ti":[-0.109,0]},{"i":{"x":0.833,"y":0.917},"o":{"x":0.167,"y":0.337},"t":16,"s":[19.838,0],"to":[0.109,0],"ti":[-0.027,0]},{"i":{"x":0.833,"y":0.833},"o":{"x":0.167,"y":0.167},"t":17,"s":[20,0],"to":[0,0],"ti":[0,0]},{"i":{"x":0.833,"y":0.833},"o":{"x":0.167,"y":0.167},"t":18,"s":[20,0],"to":[0,0],"ti":[0,0]},{"i":{"x":0.833,"y":0.833},"o":{"x":0.167,"y":0.167},"t":19,"s":[20,0],"to":[0,0],"ti":[0,0]},{"i":{"x":0.833,"y":0.833},"o":{"x":0.167,"y":0.167},"t":20,"s":[20,0],"to":[0,0],"ti":[0,0]},{"i":{"x":0.833,"y":0.833},"o":{"x":0.167,"y":0.167},"t":21,"s":[20,0],"to":[0,0],"ti":[0,0]},{"i":{"x":0.833,"y":0.833},"o":{"x":0.167,"y":0.167},"t":22,"s":[20,0],"to":[0,0],"ti":[0,0]},{"i":{"x":0.833,"y":0.833},"o":{"x":0.167,"y":0.167},"t":23,"s":[20,0],"to":[0,0],"ti":[0,0]},{"i":{"x":0.833,"y":0.833},"o":{"x":0.167,"y":0.167},"t":24,"s":[20,0],"to":[0,0],"ti":[0,0]},{"i":{"x":0.833,"y":0.833},"o":{"x":0.167,"y":0.167},"t":25,"s":[20,0],"to":[0,0],"ti":[0,0]},{"i":{"x":0.833,"y":0.833},"o":{"x":0.167,"y":0.167},"t":26,"s":[20,0],"to":[0,0],"ti":[0,0]},{"i":{"x":0.833,"y":0.833},"o":{"x":0.167,"y":0.167},"t":27,"s":[20,0],"to":[0,0],"ti":[0,0]},{"t":28,"s":[20,0]}],"ix":3},"r":{"a":0,"k":10,"ix":4},"nm":"Rectangle Path 1","mn":"ADBE Vector Shape - Rect","hd":false},{"ty":"st","c":{"a":0,"k":[0,0,0,1],"ix":3},"o":{"a":0,"k":100,"ix":4},"w":{"a":0,"k":0,"ix":5},"lc":1,"lj":1,"ml":4,"bm":0,"nm":"Stroke 1","mn":"ADBE Vector Graphic - Stroke","hd":false},{"ty":"fl","c":{"a":0,"k":[0,0,0,1],"ix":4},"o":{"a":0,"k":100,"ix":5},"r":1,"bm":0,"nm":"Fill 1","mn":"ADBE Vector Graphic - Fill","hd":false},{"ty":"tr","p":{"a":0,"k":[0,0],"ix":2},"a":{"a":0,"k":[0,0],"ix":1},"s":{"a":0,"k":[100,100],"ix":3},"r":{"a":0,"k":0,"ix":6},"o":{"a":0,"k":100,"ix":7},"sk":{"a":0,"k":0,"ix":4},"sa":{"a":0,"k":0,"ix":5},"nm":"Transform"}],"nm":"Rectangle 1","np":3,"cix":2,"bm":0,"ix":1,"mn":"ADBE Vector Group","hd":false}],"ip":6,"op":29,"st":-11,"bm":0},{"ddd":0,"ind":3,"ty":4,"nm":"ray-6","sr":1,"ks":{"o":{"a":1,"k":[{"i":{"x":[0.667],"y":[1]},"o":{"x":[0.167],"y":[0.167]},"t":12,"s":[100]},{"t":20,"s":[0]}],"ix":11},"r":{"a":0,"k":135,"ix":10},"p":{"a":0,"k":[22,22,0],"ix":2},"a":{"a":0,"k":[0,0,0],"ix":1},"s":{"a":0,"k":[100,100,100],"ix":6}},"ao":0,"shapes":[{"ty":"gr","it":[{"ty":"rc","d":1,"s":{"a":1,"k":[{"i":{"x":[0.667,0.667],"y":[1,1]},"o":{"x":[0.167,0.167],"y":[0.167,0.167]},"t":6,"s":[8,4]},{"t":17,"s":[2,2]}],"ix":2},"p":{"a":1,"k":[{"i":{"x":0.833,"y":0.841},"o":{"x":0.167,"y":0.167},"t":6,"s":[0,0],"to":[0.579,0],"ti":[-1.103,0]},{"i":{"x":0.833,"y":0.842},"o":{"x":0.167,"y":0.175},"t":7,"s":[3.472,0],"to":[1.103,0],"ti":[-0.992,0]},{"i":{"x":0.833,"y":0.843},"o":{"x":0.167,"y":0.177},"t":8,"s":[6.615,0],"to":[0.992,0],"ti":[-0.881,0]},{"i":{"x":0.833,"y":0.844},"o":{"x":0.167,"y":0.178},"t":9,"s":[9.424,0],"to":[0.881,0],"ti":[-0.771,0]},{"i":{"x":0.833,"y":0.846},"o":{"x":0.167,"y":0.179},"t":10,"s":[11.9,0],"to":[0.771,0],"ti":[-0.661,0]},{"i":{"x":0.833,"y":0.848},"o":{"x":0.167,"y":0.182},"t":11,"s":[14.05,0],"to":[0.661,0],"ti":[-0.551,0]},{"i":{"x":0.833,"y":0.852},"o":{"x":0.167,"y":0.185},"t":12,"s":[15.867,0],"to":[0.551,0],"ti":[-0.441,0]},{"i":{"x":0.833,"y":0.857},"o":{"x":0.167,"y":0.191},"t":13,"s":[17.356,0],"to":[0.441,0],"ti":[-0.331,0]},{"i":{"x":0.833,"y":0.867},"o":{"x":0.167,"y":0.199},"t":14,"s":[18.513,0],"to":[0.331,0],"ti":[-0.221,0]},{"i":{"x":0.833,"y":0.889},"o":{"x":0.167,"y":0.223},"t":15,"s":[19.343,0],"to":[0.221,0],"ti":[-0.109,0]},{"i":{"x":0.833,"y":0.917},"o":{"x":0.167,"y":0.337},"t":16,"s":[19.838,0],"to":[0.109,0],"ti":[-0.027,0]},{"i":{"x":0.833,"y":0.833},"o":{"x":0.167,"y":0.167},"t":17,"s":[20,0],"to":[0,0],"ti":[0,0]},{"i":{"x":0.833,"y":0.833},"o":{"x":0.167,"y":0.167},"t":18,"s":[20,0],"to":[0,0],"ti":[0,0]},{"i":{"x":0.833,"y":0.833},"o":{"x":0.167,"y":0.167},"t":19,"s":[20,0],"to":[0,0],"ti":[0,0]},{"i":{"x":0.833,"y":0.833},"o":{"x":0.167,"y":0.167},"t":20,"s":[20,0],"to":[0,0],"ti":[0,0]},{"i":{"x":0.833,"y":0.833},"o":{"x":0.167,"y":0.167},"t":21,"s":[20,0],"to":[0,0],"ti":[0,0]},{"i":{"x":0.833,"y":0.833},"o":{"x":0.167,"y":0.167},"t":22,"s":[20,0],"to":[0,0],"ti":[0,0]},{"i":{"x":0.833,"y":0.833},"o":{"x":0.167,"y":0.167},"t":23,"s":[20,0],"to":[0,0],"ti":[0,0]},{"i":{"x":0.833,"y":0.833},"o":{"x":0.167,"y":0.167},"t":24,"s":[20,0],"to":[0,0],"ti":[0,0]},{"i":{"x":0.833,"y":0.833},"o":{"x":0.167,"y":0.167},"t":25,"s":[20,0],"to":[0,0],"ti":[0,0]},{"i":{"x":0.833,"y":0.833},"o":{"x":0.167,"y":0.167},"t":26,"s":[20,0],"to":[0,0],"ti":[0,0]},{"i":{"x":0.833,"y":0.833},"o":{"x":0.167,"y":0.167},"t":27,"s":[20,0],"to":[0,0],"ti":[0,0]},{"t":28,"s":[20,0]}],"ix":3},"r":{"a":0,"k":10,"ix":4},"nm":"Rectangle Path 1","mn":"ADBE Vector Shape - Rect","hd":false},{"ty":"st","c":{"a":0,"k":[0,0,0,1],"ix":3},"o":{"a":0,"k":100,"ix":4},"w":{"a":0,"k":0,"ix":5},"lc":1,"lj":1,"ml":4,"bm":0,"nm":"Stroke 1","mn":"ADBE Vector Graphic - Stroke","hd":false},{"ty":"fl","c":{"a":0,"k":[0,0,0,1],"ix":4},"o":{"a":0,"k":100,"ix":5},"r":1,"bm":0,"nm":"Fill 1","mn":"ADBE Vector Graphic - Fill","hd":false},{"ty":"tr","p":{"a":0,"k":[0,0],"ix":2},"a":{"a":0,"k":[0,0],"ix":1},"s":{"a":0,"k":[100,100],"ix":3},"r":{"a":0,"k":0,"ix":6},"o":{"a":0,"k":100,"ix":7},"sk":{"a":0,"k":0,"ix":4},"sa":{"a":0,"k":0,"ix":5},"nm":"Transform"}],"nm":"Rectangle 1","np":3,"cix":2,"bm":0,"ix":1,"mn":"ADBE Vector Group","hd":false}],"ip":6,"op":29,"st":-11,"bm":0},{"ddd":0,"ind":4,"ty":4,"nm":"ray-5","sr":1,"ks":{"o":{"a":1,"k":[{"i":{"x":[0.667],"y":[1]},"o":{"x":[0.167],"y":[0.167]},"t":12,"s":[100]},{"t":20,"s":[0]}],"ix":11},"r":{"a":0,"k":315,"ix":10},"p":{"a":0,"k":[22,22,0],"ix":2},"a":{"a":0,"k":[0,0,0],"ix":1},"s":{"a":0,"k":[100,100,100],"ix":6}},"ao":0,"shapes":[{"ty":"gr","it":[{"ty":"rc","d":1,"s":{"a":1,"k":[{"i":{"x":[0.667,0.667],"y":[1,1]},"o":{"x":[0.167,0.167],"y":[0.167,0.167]},"t":6,"s":[8,4]},{"t":17,"s":[2,2]}],"ix":2},"p":{"a":1,"k":[{"i":{"x":0.833,"y":0.841},"o":{"x":0.167,"y":0.167},"t":6,"s":[0,0],"to":[0.579,0],"ti":[-1.103,0]},{"i":{"x":0.833,"y":0.842},"o":{"x":0.167,"y":0.175},"t":7,"s":[3.472,0],"to":[1.103,0],"ti":[-0.992,0]},{"i":{"x":0.833,"y":0.843},"o":{"x":0.167,"y":0.177},"t":8,"s":[6.615,0],"to":[0.992,0],"ti":[-0.881,0]},{"i":{"x":0.833,"y":0.844},"o":{"x":0.167,"y":0.178},"t":9,"s":[9.424,0],"to":[0.881,0],"ti":[-0.771,0]},{"i":{"x":0.833,"y":0.846},"o":{"x":0.167,"y":0.179},"t":10,"s":[11.9,0],"to":[0.771,0],"ti":[-0.661,0]},{"i":{"x":0.833,"y":0.848},"o":{"x":0.167,"y":0.182},"t":11,"s":[14.05,0],"to":[0.661,0],"ti":[-0.551,0]},{"i":{"x":0.833,"y":0.852},"o":{"x":0.167,"y":0.185},"t":12,"s":[15.867,0],"to":[0.551,0],"ti":[-0.441,0]},{"i":{"x":0.833,"y":0.857},"o":{"x":0.167,"y":0.191},"t":13,"s":[17.356,0],"to":[0.441,0],"ti":[-0.331,0]},{"i":{"x":0.833,"y":0.867},"o":{"x":0.167,"y":0.199},"t":14,"s":[18.513,0],"to":[0.331,0],"ti":[-0.221,0]},{"i":{"x":0.833,"y":0.889},"o":{"x":0.167,"y":0.223},"t":15,"s":[19.343,0],"to":[0.221,0],"ti":[-0.109,0]},{"i":{"x":0.833,"y":0.917},"o":{"x":0.167,"y":0.337},"t":16,"s":[19.838,0],"to":[0.109,0],"ti":[-0.027,0]},{"i":{"x":0.833,"y":0.833},"o":{"x":0.167,"y":0.167},"t":17,"s":[20,0],"to":[0,0],"ti":[0,0]},{"i":{"x":0.833,"y":0.833},"o":{"x":0.167,"y":0.167},"t":18,"s":[20,0],"to":[0,0],"ti":[0,0]},{"i":{"x":0.833,"y":0.833},"o":{"x":0.167,"y":0.167},"t":19,"s":[20,0],"to":[0,0],"ti":[0,0]},{"i":{"x":0.833,"y":0.833},"o":{"x":0.167,"y":0.167},"t":20,"s":[20,0],"to":[0,0],"ti":[0,0]},{"i":{"x":0.833,"y":0.833},"o":{"x":0.167,"y":0.167},"t":21,"s":[20,0],"to":[0,0],"ti":[0,0]},{"i":{"x":0.833,"y":0.833},"o":{"x":0.167,"y":0.167},"t":22,"s":[20,0],"to":[0,0],"ti":[0,0]},{"i":{"x":0.833,"y":0.833},"o":{"x":0.167,"y":0.167},"t":23,"s":[20,0],"to":[0,0],"ti":[0,0]},{"i":{"x":0.833,"y":0.833},"o":{"x":0.167,"y":0.167},"t":24,"s":[20,0],"to":[0,0],"ti":[0,0]},{"i":{"x":0.833,"y":0.833},"o":{"x":0.167,"y":0.167},"t":25,"s":[20,0],"to":[0,0],"ti":[0,0]},{"i":{"x":0.833,"y":0.833},"o":{"x":0.167,"y":0.167},"t":26,"s":[20,0],"to":[0,0],"ti":[0,0]},{"i":{"x":0.833,"y":0.833},"o":{"x":0.167,"y":0.167},"t":27,"s":[20,0],"to":[0,0],"ti":[0,0]},{"t":28,"s":[20,0]}],"ix":3},"r":{"a":0,"k":10,"ix":4},"nm":"Rectangle Path 1","mn":"ADBE Vector Shape - Rect","hd":false},{"ty":"st","c":{"a":0,"k":[0,0,0,1],"ix":3},"o":{"a":0,"k":100,"ix":4},"w":{"a":0,"k":0,"ix":5},"lc":1,"lj":1,"ml":4,"bm":0,"nm":"Stroke 1","mn":"ADBE Vector Graphic - Stroke","hd":false},{"ty":"fl","c":{"a":0,"k":[0,0,0,1],"ix":4},"o":{"a":0,"k":100,"ix":5},"r":1,"bm":0,"nm":"Fill 1","mn":"ADBE Vector Graphic - Fill","hd":false},{"ty":"tr","p":{"a":0,"k":[0,0],"ix":2},"a":{"a":0,"k":[0,0],"ix":1},"s":{"a":0,"k":[100,100],"ix":3},"r":{"a":0,"k":0,"ix":6},"o":{"a":0,"k":100,"ix":7},"sk":{"a":0,"k":0,"ix":4},"sa":{"a":0,"k":0,"ix":5},"nm":"Transform"}],"nm":"Rectangle 1","np":3,"cix":2,"bm":0,"ix":1,"mn":"ADBE Vector Group","hd":false}],"ip":6,"op":29,"st":-11,"bm":0},{"ddd":0,"ind":5,"ty":4,"nm":"ray-4","sr":1,"ks":{"o":{"a":1,"k":[{"i":{"x":[0.667],"y":[1]},"o":{"x":[0.167],"y":[0.167]},"t":12,"s":[100]},{"t":20,"s":[0]}],"ix":11},"r":{"a":0,"k":270,"ix":10},"p":{"a":0,"k":[22,22,0],"ix":2},"a":{"a":0,"k":[0,0,0],"ix":1},"s":{"a":0,"k":[100,100,100],"ix":6}},"ao":0,"shapes":[{"ty":"gr","it":[{"ty":"rc","d":1,"s":{"a":1,"k":[{"i":{"x":[0.667,0.667],"y":[1,1]},"o":{"x":[0.167,0.167],"y":[0.167,0.167]},"t":6,"s":[8,4]},{"t":17,"s":[2,2]}],"ix":2},"p":{"a":1,"k":[{"i":{"x":0.833,"y":0.841},"o":{"x":0.167,"y":0.167},"t":6,"s":[0,0],"to":[0.579,0],"ti":[-1.103,0]},{"i":{"x":0.833,"y":0.842},"o":{"x":0.167,"y":0.175},"t":7,"s":[3.472,0],"to":[1.103,0],"ti":[-0.992,0]},{"i":{"x":0.833,"y":0.843},"o":{"x":0.167,"y":0.177},"t":8,"s":[6.615,0],"to":[0.992,0],"ti":[-0.881,0]},{"i":{"x":0.833,"y":0.844},"o":{"x":0.167,"y":0.178},"t":9,"s":[9.424,0],"to":[0.881,0],"ti":[-0.771,0]},{"i":{"x":0.833,"y":0.846},"o":{"x":0.167,"y":0.179},"t":10,"s":[11.9,0],"to":[0.771,0],"ti":[-0.661,0]},{"i":{"x":0.833,"y":0.848},"o":{"x":0.167,"y":0.182},"t":11,"s":[14.05,0],"to":[0.661,0],"ti":[-0.551,0]},{"i":{"x":0.833,"y":0.852},"o":{"x":0.167,"y":0.185},"t":12,"s":[15.867,0],"to":[0.551,0],"ti":[-0.441,0]},{"i":{"x":0.833,"y":0.857},"o":{"x":0.167,"y":0.191},"t":13,"s":[17.356,0],"to":[0.441,0],"ti":[-0.331,0]},{"i":{"x":0.833,"y":0.867},"o":{"x":0.167,"y":0.199},"t":14,"s":[18.513,0],"to":[0.331,0],"ti":[-0.221,0]},{"i":{"x":0.833,"y":0.889},"o":{"x":0.167,"y":0.223},"t":15,"s":[19.343,0],"to":[0.221,0],"ti":[-0.109,0]},{"i":{"x":0.833,"y":0.917},"o":{"x":0.167,"y":0.337},"t":16,"s":[19.838,0],"to":[0.109,0],"ti":[-0.027,0]},{"i":{"x":0.833,"y":0.833},"o":{"x":0.167,"y":0.167},"t":17,"s":[20,0],"to":[0,0],"ti":[0,0]},{"i":{"x":0.833,"y":0.833},"o":{"x":0.167,"y":0.167},"t":18,"s":[20,0],"to":[0,0],"ti":[0,0]},{"i":{"x":0.833,"y":0.833},"o":{"x":0.167,"y":0.167},"t":19,"s":[20,0],"to":[0,0],"ti":[0,0]},{"i":{"x":0.833,"y":0.833},"o":{"x":0.167,"y":0.167},"t":20,"s":[20,0],"to":[0,0],"ti":[0,0]},{"i":{"x":0.833,"y":0.833},"o":{"x":0.167,"y":0.167},"t":21,"s":[20,0],"to":[0,0],"ti":[0,0]},{"i":{"x":0.833,"y":0.833},"o":{"x":0.167,"y":0.167},"t":22,"s":[20,0],"to":[0,0],"ti":[0,0]},{"i":{"x":0.833,"y":0.833},"o":{"x":0.167,"y":0.167},"t":23,"s":[20,0],"to":[0,0],"ti":[0,0]},{"i":{"x":0.833,"y":0.833},"o":{"x":0.167,"y":0.167},"t":24,"s":[20,0],"to":[0,0],"ti":[0,0]},{"i":{"x":0.833,"y":0.833},"o":{"x":0.167,"y":0.167},"t":25,"s":[20,0],"to":[0,0],"ti":[0,0]},{"i":{"x":0.833,"y":0.833},"o":{"x":0.167,"y":0.167},"t":26,"s":[20,0],"to":[0,0],"ti":[0,0]},{"i":{"x":0.833,"y":0.833},"o":{"x":0.167,"y":0.167},"t":27,"s":[20,0],"to":[0,0],"ti":[0,0]},{"t":28,"s":[20,0]}],"ix":3},"r":{"a":0,"k":10,"ix":4},"nm":"Rectangle Path 1","mn":"ADBE Vector Shape - Rect","hd":false},{"ty":"st","c":{"a":0,"k":[0,0,0,1],"ix":3},"o":{"a":0,"k":100,"ix":4},"w":{"a":0,"k":0,"ix":5},"lc":1,"lj":1,"ml":4,"bm":0,"nm":"Stroke 1","mn":"ADBE Vector Graphic - Stroke","hd":false},{"ty":"fl","c":{"a":0,"k":[0,0,0,1],"ix":4},"o":{"a":0,"k":100,"ix":5},"r":1,"bm":0,"nm":"Fill 1","mn":"ADBE Vector Graphic - Fill","hd":false},{"ty":"tr","p":{"a":0,"k":[0,0],"ix":2},"a":{"a":0,"k":[0,0],"ix":1},"s":{"a":0,"k":[100,100],"ix":3},"r":{"a":0,"k":0,"ix":6},"o":{"a":0,"k":100,"ix":7},"sk":{"a":0,"k":0,"ix":4},"sa":{"a":0,"k":0,"ix":5},"nm":"Transform"}],"nm":"Rectangle 1","np":3,"cix":2,"bm":0,"ix":1,"mn":"ADBE Vector Group","hd":false}],"ip":6,"op":29,"st":-11,"bm":0},{"ddd":0,"ind":6,"ty":4,"nm":"ray-3","sr":1,"ks":{"o":{"a":1,"k":[{"i":{"x":[0.667],"y":[1]},"o":{"x":[0.167],"y":[0.167]},"t":12,"s":[100]},{"t":20,"s":[0]}],"ix":11},"r":{"a":0,"k":90,"ix":10},"p":{"a":0,"k":[22,22,0],"ix":2},"a":{"a":0,"k":[0,0,0],"ix":1},"s":{"a":0,"k":[100,100,100],"ix":6}},"ao":0,"shapes":[{"ty":"gr","it":[{"ty":"rc","d":1,"s":{"a":1,"k":[{"i":{"x":[0.667,0.667],"y":[1,1]},"o":{"x":[0.167,0.167],"y":[0.167,0.167]},"t":6,"s":[8,4]},{"t":17,"s":[2,2]}],"ix":2},"p":{"a":1,"k":[{"i":{"x":0.833,"y":0.841},"o":{"x":0.167,"y":0.167},"t":6,"s":[0,0],"to":[0.579,0],"ti":[-1.103,0]},{"i":{"x":0.833,"y":0.842},"o":{"x":0.167,"y":0.175},"t":7,"s":[3.472,0],"to":[1.103,0],"ti":[-0.992,0]},{"i":{"x":0.833,"y":0.843},"o":{"x":0.167,"y":0.177},"t":8,"s":[6.615,0],"to":[0.992,0],"ti":[-0.881,0]},{"i":{"x":0.833,"y":0.844},"o":{"x":0.167,"y":0.178},"t":9,"s":[9.424,0],"to":[0.881,0],"ti":[-0.771,0]},{"i":{"x":0.833,"y":0.846},"o":{"x":0.167,"y":0.179},"t":10,"s":[11.9,0],"to":[0.771,0],"ti":[-0.661,0]},{"i":{"x":0.833,"y":0.848},"o":{"x":0.167,"y":0.182},"t":11,"s":[14.05,0],"to":[0.661,0],"ti":[-0.551,0]},{"i":{"x":0.833,"y":0.852},"o":{"x":0.167,"y":0.185},"t":12,"s":[15.867,0],"to":[0.551,0],"ti":[-0.441,0]},{"i":{"x":0.833,"y":0.857},"o":{"x":0.167,"y":0.191},"t":13,"s":[17.356,0],"to":[0.441,0],"ti":[-0.331,0]},{"i":{"x":0.833,"y":0.867},"o":{"x":0.167,"y":0.199},"t":14,"s":[18.513,0],"to":[0.331,0],"ti":[-0.221,0]},{"i":{"x":0.833,"y":0.889},"o":{"x":0.167,"y":0.223},"t":15,"s":[19.343,0],"to":[0.221,0],"ti":[-0.109,0]},{"i":{"x":0.833,"y":0.917},"o":{"x":0.167,"y":0.337},"t":16,"s":[19.838,0],"to":[0.109,0],"ti":[-0.027,0]},{"i":{"x":0.833,"y":0.833},"o":{"x":0.167,"y":0.167},"t":17,"s":[20,0],"to":[0,0],"ti":[0,0]},{"i":{"x":0.833,"y":0.833},"o":{"x":0.167,"y":0.167},"t":18,"s":[20,0],"to":[0,0],"ti":[0,0]},{"i":{"x":0.833,"y":0.833},"o":{"x":0.167,"y":0.167},"t":19,"s":[20,0],"to":[0,0],"ti":[0,0]},{"i":{"x":0.833,"y":0.833},"o":{"x":0.167,"y":0.167},"t":20,"s":[20,0],"to":[0,0],"ti":[0,0]},{"i":{"x":0.833,"y":0.833},"o":{"x":0.167,"y":0.167},"t":21,"s":[20,0],"to":[0,0],"ti":[0,0]},{"i":{"x":0.833,"y":0.833},"o":{"x":0.167,"y":0.167},"t":22,"s":[20,0],"to":[0,0],"ti":[0,0]},{"i":{"x":0.833,"y":0.833},"o":{"x":0.167,"y":0.167},"t":23,"s":[20,0],"to":[0,0],"ti":[0,0]},{"i":{"x":0.833,"y":0.833},"o":{"x":0.167,"y":0.167},"t":24,"s":[20,0],"to":[0,0],"ti":[0,0]},{"i":{"x":0.833,"y":0.833},"o":{"x":0.167,"y":0.167},"t":25,"s":[20,0],"to":[0,0],"ti":[0,0]},{"i":{"x":0.833,"y":0.833},"o":{"x":0.167,"y":0.167},"t":26,"s":[20,0],"to":[0,0],"ti":[0,0]},{"i":{"x":0.833,"y":0.833},"o":{"x":0.167,"y":0.167},"t":27,"s":[20,0],"to":[0,0],"ti":[0,0]},{"t":28,"s":[20,0]}],"ix":3},"r":{"a":0,"k":10,"ix":4},"nm":"Rectangle Path 1","mn":"ADBE Vector Shape - Rect","hd":false},{"ty":"st","c":{"a":0,"k":[0,0,0,1],"ix":3},"o":{"a":0,"k":100,"ix":4},"w":{"a":0,"k":0,"ix":5},"lc":1,"lj":1,"ml":4,"bm":0,"nm":"Stroke 1","mn":"ADBE Vector Graphic - Stroke","hd":false},{"ty":"fl","c":{"a":0,"k":[0,0,0,1],"ix":4},"o":{"a":0,"k":100,"ix":5},"r":1,"bm":0,"nm":"Fill 1","mn":"ADBE Vector Graphic - Fill","hd":false},{"ty":"tr","p":{"a":0,"k":[0,0],"ix":2},"a":{"a":0,"k":[0,0],"ix":1},"s":{"a":0,"k":[100,100],"ix":3},"r":{"a":0,"k":0,"ix":6},"o":{"a":0,"k":100,"ix":7},"sk":{"a":0,"k":0,"ix":4},"sa":{"a":0,"k":0,"ix":5},"nm":"Transform"}],"nm":"Rectangle 1","np":3,"cix":2,"bm":0,"ix":1,"mn":"ADBE Vector Group","hd":false}],"ip":6,"op":29,"st":-11,"bm":0},{"ddd":0,"ind":7,"ty":4,"nm":"ray-2","sr":1,"ks":{"o":{"a":1,"k":[{"i":{"x":[0.667],"y":[1]},"o":{"x":[0.167],"y":[0.167]},"t":12,"s":[100]},{"t":20,"s":[0]}],"ix":11},"r":{"a":0,"k":180,"ix":10},"p":{"a":0,"k":[22,22,0],"ix":2},"a":{"a":0,"k":[0,0,0],"ix":1},"s":{"a":0,"k":[100,100,100],"ix":6}},"ao":0,"shapes":[{"ty":"gr","it":[{"ty":"rc","d":1,"s":{"a":1,"k":[{"i":{"x":[0.667,0.667],"y":[1,1]},"o":{"x":[0.167,0.167],"y":[0.167,0.167]},"t":6,"s":[12,4]},{"t":17,"s":[2,2]}],"ix":2},"p":{"a":1,"k":[{"i":{"x":0.833,"y":0.841},"o":{"x":0.167,"y":0.167},"t":6,"s":[0,0],"to":[0.579,0],"ti":[-1.103,0]},{"i":{"x":0.833,"y":0.842},"o":{"x":0.167,"y":0.175},"t":7,"s":[3.472,0],"to":[1.103,0],"ti":[-0.992,0]},{"i":{"x":0.833,"y":0.843},"o":{"x":0.167,"y":0.177},"t":8,"s":[6.615,0],"to":[0.992,0],"ti":[-0.881,0]},{"i":{"x":0.833,"y":0.844},"o":{"x":0.167,"y":0.178},"t":9,"s":[9.424,0],"to":[0.881,0],"ti":[-0.771,0]},{"i":{"x":0.833,"y":0.846},"o":{"x":0.167,"y":0.179},"t":10,"s":[11.9,0],"to":[0.771,0],"ti":[-0.661,0]},{"i":{"x":0.833,"y":0.848},"o":{"x":0.167,"y":0.182},"t":11,"s":[14.05,0],"to":[0.661,0],"ti":[-0.551,0]},{"i":{"x":0.833,"y":0.852},"o":{"x":0.167,"y":0.185},"t":12,"s":[15.867,0],"to":[0.551,0],"ti":[-0.441,0]},{"i":{"x":0.833,"y":0.857},"o":{"x":0.167,"y":0.191},"t":13,"s":[17.356,0],"to":[0.441,0],"ti":[-0.331,0]},{"i":{"x":0.833,"y":0.867},"o":{"x":0.167,"y":0.199},"t":14,"s":[18.513,0],"to":[0.331,0],"ti":[-0.221,0]},{"i":{"x":0.833,"y":0.889},"o":{"x":0.167,"y":0.223},"t":15,"s":[19.343,0],"to":[0.221,0],"ti":[-0.109,0]},{"i":{"x":0.833,"y":0.917},"o":{"x":0.167,"y":0.337},"t":16,"s":[19.838,0],"to":[0.109,0],"ti":[-0.027,0]},{"i":{"x":0.833,"y":0.833},"o":{"x":0.167,"y":0.167},"t":17,"s":[20,0],"to":[0,0],"ti":[0,0]},{"i":{"x":0.833,"y":0.833},"o":{"x":0.167,"y":0.167},"t":18,"s":[20,0],"to":[0,0],"ti":[0,0]},{"i":{"x":0.833,"y":0.833},"o":{"x":0.167,"y":0.167},"t":19,"s":[20,0],"to":[0,0],"ti":[0,0]},{"i":{"x":0.833,"y":0.833},"o":{"x":0.167,"y":0.167},"t":20,"s":[20,0],"to":[0,0],"ti":[0,0]},{"i":{"x":0.833,"y":0.833},"o":{"x":0.167,"y":0.167},"t":21,"s":[20,0],"to":[0,0],"ti":[0,0]},{"i":{"x":0.833,"y":0.833},"o":{"x":0.167,"y":0.167},"t":22,"s":[20,0],"to":[0,0],"ti":[0,0]},{"i":{"x":0.833,"y":0.833},"o":{"x":0.167,"y":0.167},"t":23,"s":[20,0],"to":[0,0],"ti":[0,0]},{"i":{"x":0.833,"y":0.833},"o":{"x":0.167,"y":0.167},"t":24,"s":[20,0],"to":[0,0],"ti":[0,0]},{"i":{"x":0.833,"y":0.833},"o":{"x":0.167,"y":0.167},"t":25,"s":[20,0],"to":[0,0],"ti":[0,0]},{"i":{"x":0.833,"y":0.833},"o":{"x":0.167,"y":0.167},"t":26,"s":[20,0],"to":[0,0],"ti":[0,0]},{"i":{"x":0.833,"y":0.833},"o":{"x":0.167,"y":0.167},"t":27,"s":[20,0],"to":[0,0],"ti":[0,0]},{"t":28,"s":[20,0]}],"ix":3},"r":{"a":0,"k":10,"ix":4},"nm":"Rectangle Path 1","mn":"ADBE Vector Shape - Rect","hd":false},{"ty":"st","c":{"a":0,"k":[0,0,0,1],"ix":3},"o":{"a":0,"k":100,"ix":4},"w":{"a":0,"k":0,"ix":5},"lc":1,"lj":1,"ml":4,"bm":0,"nm":"Stroke 1","mn":"ADBE Vector Graphic - Stroke","hd":false},{"ty":"fl","c":{"a":0,"k":[0,0,0,1],"ix":4},"o":{"a":0,"k":100,"ix":5},"r":1,"bm":0,"nm":"Fill 1","mn":"ADBE Vector Graphic - Fill","hd":false},{"ty":"tr","p":{"a":0,"k":[0,0],"ix":2},"a":{"a":0,"k":[0,0],"ix":1},"s":{"a":0,"k":[100,100],"ix":3},"r":{"a":0,"k":0,"ix":6},"o":{"a":0,"k":100,"ix":7},"sk":{"a":0,"k":0,"ix":4},"sa":{"a":0,"k":0,"ix":5},"nm":"Transform"}],"nm":"Rectangle 1","np":3,"cix":2,"bm":0,"ix":1,"mn":"ADBE Vector Group","hd":false}],"ip":6,"op":29,"st":-11,"bm":0},{"ddd":0,"ind":8,"ty":4,"nm":"ray-1","sr":1,"ks":{"o":{"a":1,"k":[{"i":{"x":[0.667],"y":[1]},"o":{"x":[0.167],"y":[0.167]},"t":12,"s":[100]},{"t":20,"s":[0]}],"ix":11},"r":{"a":0,"k":0,"ix":10},"p":{"a":0,"k":[22,22,0],"ix":2},"a":{"a":0,"k":[0,0,0],"ix":1},"s":{"a":0,"k":[100,100,100],"ix":6}},"ao":0,"shapes":[{"ty":"gr","it":[{"ty":"rc","d":1,"s":{"a":1,"k":[{"i":{"x":[0.667,0.667],"y":[1,1]},"o":{"x":[0.167,0.167],"y":[0.167,0.167]},"t":6,"s":[8,4]},{"t":17,"s":[2,2]}],"ix":2},"p":{"a":1,"k":[{"i":{"x":0.833,"y":0.841},"o":{"x":0.167,"y":0.167},"t":6,"s":[0,0],"to":[0.579,0],"ti":[-1.103,0]},{"i":{"x":0.833,"y":0.842},"o":{"x":0.167,"y":0.175},"t":7,"s":[3.472,0],"to":[1.103,0],"ti":[-0.992,0]},{"i":{"x":0.833,"y":0.843},"o":{"x":0.167,"y":0.177},"t":8,"s":[6.615,0],"to":[0.992,0],"ti":[-0.881,0]},{"i":{"x":0.833,"y":0.844},"o":{"x":0.167,"y":0.178},"t":9,"s":[9.424,0],"to":[0.881,0],"ti":[-0.771,0]},{"i":{"x":0.833,"y":0.846},"o":{"x":0.167,"y":0.179},"t":10,"s":[11.9,0],"to":[0.771,0],"ti":[-0.661,0]},{"i":{"x":0.833,"y":0.848},"o":{"x":0.167,"y":0.182},"t":11,"s":[14.05,0],"to":[0.661,0],"ti":[-0.551,0]},{"i":{"x":0.833,"y":0.852},"o":{"x":0.167,"y":0.185},"t":12,"s":[15.867,0],"to":[0.551,0],"ti":[-0.441,0]},{"i":{"x":0.833,"y":0.857},"o":{"x":0.167,"y":0.191},"t":13,"s":[17.356,0],"to":[0.441,0],"ti":[-0.331,0]},{"i":{"x":0.833,"y":0.867},"o":{"x":0.167,"y":0.199},"t":14,"s":[18.513,0],"to":[0.331,0],"ti":[-0.221,0]},{"i":{"x":0.833,"y":0.889},"o":{"x":0.167,"y":0.223},"t":15,"s":[19.343,0],"to":[0.221,0],"ti":[-0.109,0]},{"i":{"x":0.833,"y":0.917},"o":{"x":0.167,"y":0.337},"t":16,"s":[19.838,0],"to":[0.109,0],"ti":[-0.027,0]},{"i":{"x":0.833,"y":0.833},"o":{"x":0.167,"y":0.167},"t":17,"s":[20,0],"to":[0,0],"ti":[0,0]},{"i":{"x":0.833,"y":0.833},"o":{"x":0.167,"y":0.167},"t":18,"s":[20,0],"to":[0,0],"ti":[0,0]},{"i":{"x":0.833,"y":0.833},"o":{"x":0.167,"y":0.167},"t":19,"s":[20,0],"to":[0,0],"ti":[0,0]},{"i":{"x":0.833,"y":0.833},"o":{"x":0.167,"y":0.167},"t":20,"s":[20,0],"to":[0,0],"ti":[0,0]},{"i":{"x":0.833,"y":0.833},"o":{"x":0.167,"y":0.167},"t":21,"s":[20,0],"to":[0,0],"ti":[0,0]},{"i":{"x":0.833,"y":0.833},"o":{"x":0.167,"y":0.167},"t":22,"s":[20,0],"to":[0,0],"ti":[0,0]},{"i":{"x":0.833,"y":0.833},"o":{"x":0.167,"y":0.167},"t":23,"s":[20,0],"to":[0,0],"ti":[0,0]},{"i":{"x":0.833,"y":0.833},"o":{"x":0.167,"y":0.167},"t":24,"s":[20,0],"to":[0,0],"ti":[0,0]},{"i":{"x":0.833,"y":0.833},"o":{"x":0.167,"y":0.167},"t":25,"s":[20,0],"to":[0,0],"ti":[0,0]},{"i":{"x":0.833,"y":0.833},"o":{"x":0.167,"y":0.167},"t":26,"s":[20,0],"to":[0,0],"ti":[0,0]},{"i":{"x":0.833,"y":0.833},"o":{"x":0.167,"y":0.167},"t":27,"s":[20,0],"to":[0,0],"ti":[0,0]},{"t":28,"s":[20,0]}],"ix":3},"r":{"a":0,"k":10,"ix":4},"nm":"Rectangle Path 1","mn":"ADBE Vector Shape - Rect","hd":false},{"ty":"st","c":{"a":0,"k":[0,0,0,1],"ix":3},"o":{"a":0,"k":100,"ix":4},"w":{"a":0,"k":0,"ix":5},"lc":1,"lj":1,"ml":4,"bm":0,"nm":"Stroke 1","mn":"ADBE Vector Graphic - Stroke","hd":false},{"ty":"fl","c":{"a":0,"k":[0,0,0,1],"ix":4},"o":{"a":0,"k":100,"ix":5},"r":1,"bm":0,"nm":"Fill 1","mn":"ADBE Vector Graphic - Fill","hd":false},{"ty":"tr","p":{"a":0,"k":[0,0],"ix":2},"a":{"a":0,"k":[0,0],"ix":1},"s":{"a":0,"k":[100,100],"ix":3},"r":{"a":0,"k":0,"ix":6},"o":{"a":0,"k":100,"ix":7},"sk":{"a":0,"k":0,"ix":4},"sa":{"a":0,"k":0,"ix":5},"nm":"Transform"}],"nm":"Rectangle 1","np":3,"cix":2,"bm":0,"ix":1,"mn":"ADBE Vector Group","hd":false}],"ip":6,"op":29,"st":-11,"bm":0},{"ddd":0,"ind":9,"ty":4,"nm":"star 2","sr":1,"ks":{"o":{"a":0,"k":100,"ix":11},"r":{"a":0,"k":0,"ix":10},"p":{"a":0,"k":[22,21.948,0],"ix":2},"a":{"a":0,"k":[0,-0.052,0],"ix":1},"s":{"a":1,"k":[{"i":{"x":[0.833,0.833,0.833],"y":[1,1,1]},"o":{"x":[0.167,0.167,0.167],"y":[0,0,0]},"t":-10,"s":[0,0,100]},{"i":{"x":[0.833,0.833,0.833],"y":[1,1,1]},"o":{"x":[0.167,0.167,0.167],"y":[0,0,0]},"t":-9,"s":[0,0,100]},{"i":{"x":[0.833,0.833,0.833],"y":[1,1,1]},"o":{"x":[0.167,0.167,0.167],"y":[0,0,0]},"t":-8,"s":[0,0,100]},{"i":{"x":[0.833,0.833,0.833],"y":[1,1,1]},"o":{"x":[0.167,0.167,0.167],"y":[0,0,0]},"t":-7,"s":[0,0,100]},{"i":{"x":[0.833,0.833,0.833],"y":[1,1,1]},"o":{"x":[0.167,0.167,0.167],"y":[0,0,0]},"t":-6,"s":[0,0,100]},{"i":{"x":[0.833,0.833,0.833],"y":[1,1,1]},"o":{"x":[0.167,0.167,0.167],"y":[0,0,0]},"t":-5,"s":[0,0,100]},{"i":{"x":[0.833,0.833,0.833],"y":[1,1,1]},"o":{"x":[0.167,0.167,0.167],"y":[0,0,0]},"t":-4,"s":[0,0,100]},{"i":{"x":[0.833,0.833,0.833],"y":[1,1,1]},"o":{"x":[0.167,0.167,0.167],"y":[0,0,0]},"t":-3,"s":[0,0,100]},{"i":{"x":[0.833,0.833,0.833],"y":[1,1,1]},"o":{"x":[0.167,0.167,0.167],"y":[0,0,0]},"t":-2,"s":[0,0,100]},{"i":{"x":[0.833,0.833,0.833],"y":[0.359,0.359,1]},"o":{"x":[0.167,0.167,0.167],"y":[0,0,0]},"t":-1,"s":[0,0,100]},{"i":{"x":[0.833,0.833,0.833],"y":[0.833,0.833,1]},"o":{"x":[0.167,0.167,0.167],"y":[0.083,0.083,0]},"t":0,"s":[0,0,100]},{"i":{"x":[0.833,0.833,0.833],"y":[0.833,0.833,1]},"o":{"x":[0.167,0.167,0.167],"y":[0.167,0.167,0]},"t":1,"s":[7.692,7.692,100]},{"i":{"x":[0.833,0.833,0.833],"y":[0.833,0.833,1]},"o":{"x":[0.167,0.167,0.167],"y":[0.167,0.167,0]},"t":2,"s":[15.385,15.385,100]},{"i":{"x":[0.833,0.833,0.833],"y":[0.833,0.833,1]},"o":{"x":[0.167,0.167,0.167],"y":[0.167,0.167,0]},"t":3,"s":[23.077,23.077,100]},{"i":{"x":[0.833,0.833,0.833],"y":[0.833,0.833,1]},"o":{"x":[0.167,0.167,0.167],"y":[0.167,0.167,0]},"t":4,"s":[30.769,30.769,100]},{"i":{"x":[0.833,0.833,0.833],"y":[0.833,0.833,1]},"o":{"x":[0.167,0.167,0.167],"y":[0.167,0.167,0]},"t":5,"s":[38.462,38.462,100]},{"i":{"x":[0.833,0.833,0.833],"y":[0.833,0.833,1]},"o":{"x":[0.167,0.167,0.167],"y":[0.167,0.167,0]},"t":6,"s":[46.154,46.154,100]},{"i":{"x":[0.833,0.833,0.833],"y":[0.833,0.833,1]},"o":{"x":[0.167,0.167,0.167],"y":[0.167,0.167,0]},"t":7,"s":[53.846,53.846,100]},{"i":{"x":[0.833,0.833,0.833],"y":[0.833,0.833,1]},"o":{"x":[0.167,0.167,0.167],"y":[0.167,0.167,0]},"t":8,"s":[61.538,61.538,100]},{"i":{"x":[0.833,0.833,0.833],"y":[0.833,0.833,1]},"o":{"x":[0.167,0.167,0.167],"y":[0.167,0.167,0]},"t":9,"s":[69.231,69.231,100]},{"i":{"x":[0.833,0.833,0.833],"y":[0.833,0.833,1]},"o":{"x":[0.167,0.167,0.167],"y":[0.167,0.167,0]},"t":10,"s":[76.923,76.923,100]},{"i":{"x":[0.833,0.833,0.833],"y":[0.833,0.833,1]},"o":{"x":[0.167,0.167,0.167],"y":[0.167,0.167,0]},"t":11,"s":[84.615,84.615,100]},{"i":{"x":[0.833,0.833,0.833],"y":[0.88,0.88,1]},"o":{"x":[0.167,0.167,0.167],"y":[0.167,0.167,0]},"t":12,"s":[92.308,92.308,100]},{"i":{"x":[0.833,0.833,0.833],"y":[0.862,0.862,1]},"o":{"x":[0.167,0.167,0.167],"y":[0.272,0.272,0]},"t":13,"s":[100,100,100]},{"i":{"x":[0.833,0.833,0.833],"y":[0.883,0.883,1]},"o":{"x":[0.167,0.167,0.167],"y":[0.211,0.211,0]},"t":14,"s":[103.397,103.397,100]},{"i":{"x":[0.833,0.833,0.833],"y":[0.95,0.95,1]},"o":{"x":[0.167,0.167,0.167],"y":[0.292,0.292,0]},"t":15,"s":[105.616,105.616,100]},{"i":{"x":[0.833,0.833,0.833],"y":[0.606,0.606,1]},"o":{"x":[0.167,0.167,0.167],"y":[-0.128,-0.128,0]},"t":16,"s":[106.504,106.504,100]},{"i":{"x":[0.833,0.833,0.833],"y":[0.797,0.797,1]},"o":{"x":[0.167,0.167,0.167],"y":[0.106,0.106,0]},"t":17,"s":[106.154,106.154,100]},{"i":{"x":[0.833,0.833,0.833],"y":[0.826,0.826,1]},"o":{"x":[0.167,0.167,0.167],"y":[0.141,0.141,0]},"t":18,"s":[104.849,104.849,100]},{"i":{"x":[0.833,0.833,0.833],"y":[0.842,0.842,1]},"o":{"x":[0.167,0.167,0.167],"y":[0.16,0.16,0]},"t":19,"s":[102.978,102.978,100]},{"i":{"x":[0.833,0.833,0.833],"y":[0.855,0.855,1]},"o":{"x":[0.167,0.167,0.167],"y":[0.176,0.176,0]},"t":20,"s":[100.953,100.953,100]},{"i":{"x":[0.833,0.833,0.833],"y":[0.871,0.871,1]},"o":{"x":[0.167,0.167,0.167],"y":[0.196,0.196,0]},"t":21,"s":[99.138,99.138,100]},{"i":{"x":[0.833,0.833,0.833],"y":[0.904,0.904,1]},"o":{"x":[0.167,0.167,0.167],"y":[0.236,0.236,0]},"t":22,"s":[97.794,97.794,100]},{"i":{"x":[0.833,0.833,0.833],"y":[1.215,1.215,1]},"o":{"x":[0.167,0.167,0.167],"y":[0.616,0.616,0]},"t":23,"s":[97.059,97.059,100]},{"i":{"x":[0.833,0.833,0.833],"y":[0.76,0.76,1]},"o":{"x":[0.167,0.167,0.167],"y":[0.06,0.06,0]},"t":24,"s":[96.944,96.944,100]},{"i":{"x":[0.833,0.833,0.833],"y":[0.815,0.815,1]},"o":{"x":[0.167,0.167,0.167],"y":[0.128,0.128,0]},"t":25,"s":[97.356,97.356,100]},{"i":{"x":[0.833,0.833,0.833],"y":[0.835,0.835,1]},"o":{"x":[0.167,0.167,0.167],"y":[0.152,0.152,0]},"t":26,"s":[98.13,98.13,100]},{"i":{"x":[0.833,0.833,0.833],"y":[0.833,0.833,1]},"o":{"x":[0.167,0.167,0.167],"y":[0.168,0.168,0]},"t":27,"s":[99.074,99.074,100]},{"t":28,"s":[100,100,100]}],"ix":6}},"ao":0,"ef":[{"ty":5,"nm":"Scale - Overshoot","np":3,"mn":"ADBE Slider Control","ix":1,"en":1,"ef":[{"ty":0,"nm":"Slider","mn":"ADBE Slider Control-0001","ix":1,"v":{"a":0,"k":10,"ix":1,"x":"var $bm_rt;\n$bm_rt = clamp(value, 0, 100);"}}]},{"ty":5,"nm":"Scale - Bounce","np":3,"mn":"ADBE Slider Control","ix":2,"en":1,"ef":[{"ty":0,"nm":"Slider","mn":"ADBE Slider Control-0001","ix":1,"v":{"a":0,"k":40,"ix":1,"x":"var $bm_rt;\n$bm_rt = clamp(value, 0, 100);"}}]},{"ty":5,"nm":"Scale - Friction","np":3,"mn":"ADBE Slider Control","ix":3,"en":1,"ef":[{"ty":0,"nm":"Slider","mn":"ADBE Slider Control-0001","ix":1,"v":{"a":0,"k":60,"ix":1,"x":"var $bm_rt;\n$bm_rt = clamp(value, 0, 100);"}}]}],"shapes":[{"ind":0,"ty":"sh","ix":1,"ks":{"a":0,"k":{"i":[[0,0],[0.992,0.15],[0,0],[0.176,0.372],[0,0],[0.443,-0.938],[0,0],[0.394,-0.06],[0,0],[-0.717,-0.731],[0,0],[0.068,-0.41],[0,0],[-0.886,0.487],[0,0],[-0.352,-0.194],[0,0],[0.169,1.033],[0,0],[-0.284,0.29]],"o":[[0.717,-0.731],[0,0],[-0.394,-0.06],[0,0],[-0.443,-0.938],[0,0],[-0.176,0.372],[0,0],[-0.992,0.15],[0,0],[0.285,0.29],[0,0],[-0.169,1.033],[0,0],[0.352,-0.194],[0,0],[0.887,0.487],[0,0],[-0.068,-0.41],[0,0]],"v":[[9.634,-1.211],[8.964,-3.365],[4.148,-4.097],[3.238,-4.788],[1.084,-9.349],[-1.084,-9.349],[-3.238,-4.788],[-4.148,-4.097],[-8.964,-3.365],[-9.634,-1.211],[-6.149,2.338],[-5.801,3.456],[-6.624,8.468],[-4.87,9.8],[-0.562,7.434],[0.563,7.434],[4.87,9.8],[6.624,8.468],[5.801,3.456],[6.149,2.338]],"c":true},"ix":2},"nm":"Path 1","mn":"ADBE Vector Shape - Group","hd":false},{"ty":"st","c":{"a":0,"k":[0,0.003921568627,0.066666666667,1],"ix":3},"o":{"a":0,"k":100,"ix":4},"w":{"a":0,"k":0,"ix":5},"lc":1,"lj":1,"ml":4,"bm":0,"nm":"Stroke 1","mn":"ADBE Vector Graphic - Stroke","hd":false},{"ty":"fl","c":{"a":0,"k":[0,0,0,1],"ix":4},"o":{"a":0,"k":100,"ix":5},"r":1,"bm":0,"nm":"Fill 1","mn":"ADBE Vector Graphic - Fill","hd":false}],"ip":0,"op":29,"st":5,"bm":0},{"ddd":0,"ind":10,"ty":4,"nm":"Shape Layer 1","sr":1,"ks":{"o":{"a":0,"k":100,"ix":11},"r":{"a":0,"k":0,"ix":10},"p":{"a":0,"k":[22,22,0],"ix":2},"a":{"a":0,"k":[0,0,0],"ix":1},"s":{"a":1,"k":[{"i":{"x":[0,0,0.667],"y":[1,1,1]},"o":{"x":[0.333,0.333,0.333],"y":[0,0,0]},"t":0,"s":[0,0,100]},{"t":13,"s":[95,95,100]}],"ix":6}},"ao":0,"shapes":[{"ty":"gr","it":[{"d":1,"ty":"el","s":{"a":0,"k":[44,44],"ix":2},"p":{"a":0,"k":[0,0],"ix":3},"nm":"Ellipse Path 1","mn":"ADBE Vector Shape - Ellipse","hd":false},{"ty":"st","c":{"a":0,"k":[0,0,0,1],"ix":3},"o":{"a":0,"k":100,"ix":4},"w":{"a":1,"k":[{"i":{"x":[0],"y":[1]},"o":{"x":[0.333],"y":[0]},"t":0,"s":[57]},{"t":13,"s":[0]}],"ix":5},"lc":1,"lj":1,"ml":4,"bm":0,"nm":"Stroke 1","mn":"ADBE Vector Graphic - Stroke","hd":false},{"ty":"fl","c":{"a":0,"k":[1,1,1,1],"ix":4},"o":{"a":0,"k":100,"ix":5},"r":1,"bm":0,"nm":"Fill 1","mn":"ADBE Vector Graphic - Fill","hd":false},{"ty":"tr","p":{"a":0,"k":[0,0],"ix":2},"a":{"a":0,"k":[0,0],"ix":1},"s":{"a":0,"k":[100,100],"ix":3},"r":{"a":0,"k":0,"ix":6},"o":{"a":0,"k":100,"ix":7},"sk":{"a":0,"k":0,"ix":4},"sa":{"a":0,"k":0,"ix":5},"nm":"Transform"}],"nm":"Ellipse 1","np":3,"cix":2,"bm":0,"ix":1,"mn":"ADBE Vector Group","hd":false}],"ip":0,"op":29,"st":-10,"bm":0},{"ddd":0,"ind":11,"ty":4,"nm":"star","sr":1,"ks":{"o":{"a":0,"k":100,"ix":11},"r":{"a":0,"k":0,"ix":10},"p":{"a":0,"k":[22,22,0],"ix":2},"a":{"a":0,"k":[0,0,0],"ix":1},"s":{"a":0,"k":[100,100,100],"ix":6}},"ao":0,"shapes":[{"ind":0,"ty":"sh","ix":1,"ks":{"a":0,"k":{"i":[[0,0],[0.992,0.15],[0,0],[0.176,0.372],[0,0],[0.443,-0.938],[0,0],[0.394,-0.06],[0,0],[-0.717,-0.731],[0,0],[0.068,-0.41],[0,0],[-0.886,0.487],[0,0],[-0.352,-0.194],[0,0],[0.169,1.033],[0,0],[-0.284,0.29]],"o":[[0.717,-0.731],[0,0],[-0.394,-0.06],[0,0],[-0.443,-0.938],[0,0],[-0.176,0.372],[0,0],[-0.992,0.15],[0,0],[0.285,0.29],[0,0],[-0.169,1.033],[0,0],[0.352,-0.194],[0,0],[0.887,0.487],[0,0],[-0.068,-0.41],[0,0]],"v":[[9.634,-1.211],[8.964,-3.365],[4.148,-4.097],[3.238,-4.788],[1.084,-9.349],[-1.084,-9.349],[-3.238,-4.788],[-4.148,-4.097],[-8.964,-3.365],[-9.634,-1.211],[-6.149,2.338],[-5.801,3.456],[-6.624,8.468],[-4.87,9.8],[-0.562,7.434],[0.563,7.434],[4.87,9.8],[6.624,8.468],[5.801,3.456],[6.149,2.338]],"c":true},"ix":2},"nm":"Path 1","mn":"ADBE Vector Shape - Group","hd":false},{"ty":"st","c":{"a":0,"k":[0,0.003921568627,0.066666666667,1],"ix":3},"o":{"a":0,"k":100,"ix":4},"w":{"a":0,"k":2,"ix":5},"lc":1,"lj":1,"ml":4,"bm":0,"nm":"Stroke 1","mn":"ADBE Vector Graphic - Stroke","hd":false},{"ty":"fl","c":{"a":0,"k":[1,1,1,1],"ix":4},"o":{"a":0,"k":100,"ix":5},"r":1,"bm":0,"nm":"Fill 1","mn":"ADBE Vector Graphic - Fill","hd":false}],"ip":0,"op":6,"st":-20,"bm":0}],"markers":[]}