{"v":"5.6.5","fr":30,"ip":0,"op":62,"w":64,"h":92,"nm":"3-maybe","ddd":0,"assets":[],"fonts":{"list":[{"fName":"SFProText-Semibold","fFamily":"SF Pro Text","fStyle":"Semibold","ascent":74.0234375}]},"layers":[{"ddd":0,"ind":1,"ty":4,"nm":"Shape Layer 5","sr":1,"ks":{"o":{"a":1,"k":[{"i":{"x":[0.667],"y":[1]},"o":{"x":[0.167],"y":[0.167]},"t":8.286,"s":[100]},{"t":19.7861328125,"s":[0]}],"ix":11},"r":{"a":0,"k":27,"ix":10,"x":"var $bm_rt;\nvar amp, freq, decay, n, t, v;\ntry {\n    amp = $bm_div(effect('Rotation - Overshoot')('ADBE Slider Control-0001'), 2.5), freq = $bm_div(effect('Rotation - Bounce')('ADBE Slider Control-0001'), 20), decay = $bm_div(effect('Rotation - Friction')('ADBE Slider Control-0001'), 20), n = 0, 0 < numKeys && (n = nearestKey(time).index, key(n).time > time && n--), t = 0 === n ? 0 : $bm_sub(time, key(n).time), $bm_rt = 0 < n ? (v = velocityAtTime($bm_sub(key(n).time, $bm_div(thisComp.frameDuration, 10))), $bm_sum(value, $bm_div($bm_mul($bm_mul($bm_div(v, 100), amp), Math.sin($bm_mul($bm_mul($bm_mul(freq, t), 2), Math.PI))), Math.exp($bm_mul(decay, t))))) : value;\n} catch (e$$4) {\n    $bm_rt = value = value;\n}"},"p":{"a":0,"k":[46,22,0],"ix":2},"a":{"a":0,"k":[-4,-1,0],"ix":1},"s":{"a":1,"k":[{"i":{"x":[0.667,0.667,0.667],"y":[1,1,1]},"o":{"x":[0.167,0.167,0.167],"y":[0.167,0.167,16.288]},"t":5,"s":[0,0,100]},{"t":9.9287109375,"s":[43,43,100]}],"ix":6}},"ao":0,"ef":[{"ty":5,"nm":"Rotation - Overshoot","np":3,"mn":"ADBE Slider Control","ix":1,"en":1,"ef":[{"ty":0,"nm":"Slider","mn":"ADBE Slider Control-0001","ix":1,"v":{"a":0,"k":20,"ix":1,"x":"var $bm_rt;\n$bm_rt = clamp(value, 0, 100);"}}]},{"ty":5,"nm":"Rotation - Bounce","np":3,"mn":"ADBE Slider Control","ix":2,"en":1,"ef":[{"ty":0,"nm":"Slider","mn":"ADBE Slider Control-0001","ix":1,"v":{"a":0,"k":40,"ix":1,"x":"var $bm_rt;\n$bm_rt = clamp(value, 0, 100);"}}]},{"ty":5,"nm":"Rotation - Friction","np":3,"mn":"ADBE Slider Control","ix":3,"en":1,"ef":[{"ty":0,"nm":"Slider","mn":"ADBE Slider Control-0001","ix":1,"v":{"a":0,"k":40,"ix":1,"x":"var $bm_rt;\n$bm_rt = clamp(value, 0, 100);"}}]}],"shapes":[{"ind":0,"ty":"sh","ix":1,"ks":{"a":0,"k":{"i":[[1.381,0],[0,-1.381],[-1.381,0],[0,1.381]],"o":[[-1.381,0],[0,1.381],[1.381,0],[0,-1.381]],"v":[[0,7],[-2.5,9.5],[0,12],[2.5,9.5]],"c":true},"ix":2},"nm":"Path 1","mn":"ADBE Vector Shape - Group","hd":false},{"ind":1,"ty":"sh","ix":2,"ks":{"a":0,"k":{"i":[[0,-3.722],[1.981,-1.139],[0,-1.013],[1.297,0],[0,1.297],[-2.025,1.165],[0,0.78],[1.133,0],[0,-1.133],[1.297,0],[0,1.297],[-3.723,0]],"o":[[0,2.371],[-0.455,0.262],[0,1.297],[-1.297,0],[0,-2.55],[0.452,-0.259],[0,-1.133],[-1.133,0],[0,1.297],[-1.297,0],[0,-3.722],[3.723,0]],"v":[[6.75,-6.109],[3.489,-0.329],[2.348,2.012],[0,4.359],[-2.348,2.012],[1.147,-4.4],[2.055,-6.109],[0,-8.163],[-2.055,-6.109],[-4.402,-3.76],[-6.75,-6.109],[0,-12.859]],"c":true},"ix":2},"nm":"Path 2","mn":"ADBE Vector Shape - Group","hd":false},{"ty":"fl","c":{"a":0,"k":[0.067440576851,0.105018749833,0.625980377197,1],"ix":4},"o":{"a":0,"k":100,"ix":5},"r":1,"bm":0,"nm":"Fill 1","mn":"ADBE Vector Graphic - Fill","hd":false}],"ip":5,"op":67,"st":5,"bm":0},{"ddd":0,"ind":2,"ty":4,"nm":"Shape Layer 4","sr":1,"ks":{"o":{"a":1,"k":[{"i":{"x":[0.667],"y":[1]},"o":{"x":[0.167],"y":[0.167]},"t":29.5,"s":[100]},{"t":41,"s":[0]}],"ix":11},"r":{"a":0,"k":-27,"ix":10,"x":"var $bm_rt;\nvar amp, freq, decay, n, t, v;\ntry {\n    amp = $bm_div(effect('Rotation - Overshoot')('ADBE Slider Control-0001'), 2.5), freq = $bm_div(effect('Rotation - Bounce')('ADBE Slider Control-0001'), 20), decay = $bm_div(effect('Rotation - Friction')('ADBE Slider Control-0001'), 20), n = 0, 0 < numKeys && (n = nearestKey(time).index, key(n).time > time && n--), t = 0 === n ? 0 : $bm_sub(time, key(n).time), $bm_rt = 0 < n ? (v = velocityAtTime($bm_sub(key(n).time, $bm_div(thisComp.frameDuration, 10))), $bm_sum(value, $bm_div($bm_mul($bm_mul($bm_div(v, 100), amp), Math.sin($bm_mul($bm_mul($bm_mul(freq, t), 2), Math.PI))), Math.exp($bm_mul(decay, t))))) : value;\n} catch (e$$4) {\n    $bm_rt = value = value;\n}"},"p":{"a":0,"k":[21,33,0],"ix":2},"a":{"a":0,"k":[0,12,0],"ix":1},"s":{"a":1,"k":[{"i":{"x":[0.667,0.667,0.667],"y":[1,1,1]},"o":{"x":[0.167,0.167,0.167],"y":[0.167,0.167,16.288]},"t":26.214,"s":[0,0,100]},{"t":31.142578125,"s":[43,43,100]}],"ix":6}},"ao":0,"ef":[{"ty":5,"nm":"Rotation - Overshoot","np":3,"mn":"ADBE Slider Control","ix":1,"en":1,"ef":[{"ty":0,"nm":"Slider","mn":"ADBE Slider Control-0001","ix":1,"v":{"a":0,"k":20,"ix":1,"x":"var $bm_rt;\n$bm_rt = clamp(value, 0, 100);"}}]},{"ty":5,"nm":"Rotation - Bounce","np":3,"mn":"ADBE Slider Control","ix":2,"en":1,"ef":[{"ty":0,"nm":"Slider","mn":"ADBE Slider Control-0001","ix":1,"v":{"a":0,"k":40,"ix":1,"x":"var $bm_rt;\n$bm_rt = clamp(value, 0, 100);"}}]},{"ty":5,"nm":"Rotation - Friction","np":3,"mn":"ADBE Slider Control","ix":3,"en":1,"ef":[{"ty":0,"nm":"Slider","mn":"ADBE Slider Control-0001","ix":1,"v":{"a":0,"k":40,"ix":1,"x":"var $bm_rt;\n$bm_rt = clamp(value, 0, 100);"}}]}],"shapes":[{"ind":0,"ty":"sh","ix":1,"ks":{"a":0,"k":{"i":[[1.381,0],[0,-1.381],[-1.381,0],[0,1.381]],"o":[[-1.381,0],[0,1.381],[1.381,0],[0,-1.381]],"v":[[0,7],[-2.5,9.5],[0,12],[2.5,9.5]],"c":true},"ix":2},"nm":"Path 1","mn":"ADBE Vector Shape - Group","hd":false},{"ind":1,"ty":"sh","ix":2,"ks":{"a":0,"k":{"i":[[0,-3.722],[1.981,-1.139],[0,-1.013],[1.297,0],[0,1.297],[-2.025,1.165],[0,0.78],[1.133,0],[0,-1.133],[1.297,0],[0,1.297],[-3.723,0]],"o":[[0,2.371],[-0.455,0.262],[0,1.297],[-1.297,0],[0,-2.55],[0.452,-0.259],[0,-1.133],[-1.133,0],[0,1.297],[-1.297,0],[0,-3.722],[3.723,0]],"v":[[6.75,-6.109],[3.489,-0.329],[2.348,2.012],[0,4.359],[-2.348,2.012],[1.147,-4.4],[2.055,-6.109],[0,-8.163],[-2.055,-6.109],[-4.402,-3.76],[-6.75,-6.109],[0,-12.859]],"c":true},"ix":2},"nm":"Path 2","mn":"ADBE Vector Shape - Group","hd":false},{"ty":"fl","c":{"a":0,"k":[0.067440576851,0.105018749833,0.625980377197,1],"ix":4},"o":{"a":0,"k":100,"ix":5},"r":1,"bm":0,"nm":"Fill 1","mn":"ADBE Vector Graphic - Fill","hd":false}],"ip":23,"op":85,"st":23,"bm":0},{"ddd":0,"ind":3,"ty":4,"nm":"Shape Layer 3","sr":1,"ks":{"o":{"a":0,"k":100,"ix":11},"r":{"a":1,"k":[{"i":{"x":[0.833],"y":[0.833]},"o":{"x":[0.167],"y":[0.167]},"t":0,"s":[0]},{"i":{"x":[0.833],"y":[0.833]},"o":{"x":[0.167],"y":[0.167]},"t":1,"s":[18.238]},{"i":{"x":[0.833],"y":[0.833]},"o":{"x":[0.167],"y":[0.167]},"t":2,"s":[36.476]},{"i":{"x":[0.833],"y":[0.833]},"o":{"x":[0.167],"y":[0.167]},"t":3,"s":[54.714]},{"i":{"x":[0.833],"y":[0.833]},"o":{"x":[0.167],"y":[0.167]},"t":4,"s":[72.952]},{"i":{"x":[0.833],"y":[0.833]},"o":{"x":[0.167],"y":[0.167]},"t":5,"s":[91.19]},{"i":{"x":[0.833],"y":[0.833]},"o":{"x":[0.167],"y":[0.167]},"t":6,"s":[109.429]},{"i":{"x":[0.833],"y":[0.833]},"o":{"x":[0.167],"y":[0.167]},"t":7,"s":[127.667]},{"i":{"x":[0.833],"y":[0.833]},"o":{"x":[0.167],"y":[0.167]},"t":8,"s":[145.905]},{"i":{"x":[0.833],"y":[0.833]},"o":{"x":[0.167],"y":[0.167]},"t":9,"s":[164.143]},{"i":{"x":[0.833],"y":[0.833]},"o":{"x":[0.167],"y":[0.167]},"t":10,"s":[182.381]},{"i":{"x":[0.833],"y":[0.833]},"o":{"x":[0.167],"y":[0.167]},"t":11,"s":[200.619]},{"i":{"x":[0.833],"y":[0.833]},"o":{"x":[0.167],"y":[0.167]},"t":12,"s":[218.857]},{"i":{"x":[0.833],"y":[0.833]},"o":{"x":[0.167],"y":[0.167]},"t":13,"s":[237.095]},{"i":{"x":[0.833],"y":[0.833]},"o":{"x":[0.167],"y":[0.167]},"t":14,"s":[255.333]},{"i":{"x":[0.833],"y":[0.833]},"o":{"x":[0.167],"y":[0.167]},"t":15,"s":[273.571]},{"i":{"x":[0.833],"y":[0.833]},"o":{"x":[0.167],"y":[0.167]},"t":16,"s":[291.81]},{"i":{"x":[0.833],"y":[0.833]},"o":{"x":[0.167],"y":[0.167]},"t":17,"s":[310.048]},{"i":{"x":[0.833],"y":[0.833]},"o":{"x":[0.167],"y":[0.167]},"t":18,"s":[328.286]},{"i":{"x":[0.833],"y":[0.833]},"o":{"x":[0.167],"y":[0.167]},"t":19,"s":[346.524]},{"i":{"x":[0.833],"y":[0.845]},"o":{"x":[0.167],"y":[0.167]},"t":20,"s":[364.762]},{"i":{"x":[0.833],"y":[0.859]},"o":{"x":[0.167],"y":[0.181]},"t":21,"s":[383]},{"i":{"x":[0.833],"y":[0.881]},"o":{"x":[0.167],"y":[0.204]},"t":22,"s":[398.617]},{"i":{"x":[0.833],"y":[0.949]},"o":{"x":[0.167],"y":[0.28]},"t":23,"s":[409.391]},{"i":{"x":[0.833],"y":[0.579]},"o":{"x":[0.167],"y":[-0.131]},"t":24,"s":[413.968]},{"i":{"x":[0.833],"y":[0.79]},"o":{"x":[0.167],"y":[0.104]},"t":25,"s":[412.188]},{"i":{"x":[0.833],"y":[0.821]},"o":{"x":[0.167],"y":[0.138]},"t":26,"s":[404.969]},{"i":{"x":[0.833],"y":[0.837]},"o":{"x":[0.167],"y":[0.156]},"t":27,"s":[394.015]},{"i":{"x":[0.833],"y":[0.849]},"o":{"x":[0.167],"y":[0.17]},"t":28,"s":[381.438]},{"i":{"x":[0.833],"y":[0.863]},"o":{"x":[0.167],"y":[0.186]},"t":29,"s":[369.353]},{"i":{"x":[0.833],"y":[0.884]},"o":{"x":[0.167],"y":[0.212]},"t":30,"s":[359.534]},{"i":{"x":[0.833],"y":[0.956]},"o":{"x":[0.167],"y":[0.297]},"t":31,"s":[353.153]},{"i":{"x":[0.833],"y":[0.631]},"o":{"x":[0.167],"y":[-0.094]},"t":32,"s":[350.668]},{"i":{"x":[0.833],"y":[0.799]},"o":{"x":[0.167],"y":[0.108]},"t":33,"s":[351.833]},{"i":{"x":[0.833],"y":[0.828]},"o":{"x":[0.167],"y":[0.142]},"t":34,"s":[355.827]},{"i":{"x":[0.833],"y":[0.846]},"o":{"x":[0.167],"y":[0.162]},"t":35,"s":[361.46]},{"i":{"x":[0.833],"y":[0.863]},"o":{"x":[0.167],"y":[0.181]},"t":36,"s":[367.423]},{"i":{"x":[0.833],"y":[0.891]},"o":{"x":[0.167],"y":[0.212]},"t":37,"s":[372.512]},{"i":{"x":[0.833],"y":[1.023]},"o":{"x":[0.167],"y":[0.352]},"t":38,"s":[375.819]},{"i":{"x":[0.833],"y":[0.706]},"o":{"x":[0.167],"y":[0.018]},"t":39,"s":[376.846]},{"i":{"x":[0.833],"y":[0.799]},"o":{"x":[0.167],"y":[0.116]},"t":40,"s":[375.535]},{"i":{"x":[0.833],"y":[0.823]},"o":{"x":[0.167],"y":[0.142]},"t":41,"s":[372.223]},{"i":{"x":[0.833],"y":[0.836]},"o":{"x":[0.167],"y":[0.157]},"t":42,"s":[367.537]},{"i":{"x":[0.833],"y":[0.847]},"o":{"x":[0.167],"y":[0.17]},"t":43,"s":[362.253]},{"i":{"x":[0.833],"y":[0.858]},"o":{"x":[0.167],"y":[0.183]},"t":44,"s":[357.151]},{"i":{"x":[0.833],"y":[1.086]},"o":{"x":[0.167],"y":[0.202]},"t":45,"s":[352.882]},{"i":{"x":[0.833],"y":[0.93]},"o":{"x":[0.167],"y":[0.042]},"t":46,"s":[349.879]},{"i":{"x":[0.833],"y":[0.858]},"o":{"x":[0.167],"y":[-0.455]},"t":47,"s":[356]},{"i":{"x":[0.833],"y":[0.877]},"o":{"x":[0.167],"y":[0.201]},"t":48,"s":[355.052]},{"i":{"x":[0.833],"y":[0.928]},"o":{"x":[0.167],"y":[0.259]},"t":49,"s":[354.379]},{"i":{"x":[0.833],"y":[0.222]},"o":{"x":[0.167],"y":[-0.548]},"t":50,"s":[354.059]},{"i":{"x":[0.833],"y":[0.783]},"o":{"x":[0.167],"y":[0.093]},"t":51,"s":[354.102]},{"i":{"x":[0.833],"y":[0.82]},"o":{"x":[0.167],"y":[0.135]},"t":52,"s":[354.453]},{"i":{"x":[0.833],"y":[0.837]},"o":{"x":[0.167],"y":[0.155]},"t":53,"s":[355.018]},{"i":{"x":[0.833],"y":[0.85]},"o":{"x":[0.167],"y":[0.17]},"t":54,"s":[355.675]},{"i":{"x":[0.833],"y":[0.866]},"o":{"x":[0.167],"y":[0.188]},"t":55,"s":[356.304]},{"i":{"x":[0.833],"y":[0.894]},"o":{"x":[0.167],"y":[0.22]},"t":56,"s":[356.804]},{"i":{"x":[0.833],"y":[1.044]},"o":{"x":[0.167],"y":[0.391]},"t":57,"s":[357.108]},{"i":{"x":[0.833],"y":[0.726]},"o":{"x":[0.167],"y":[0.029]},"t":58,"s":[357.191]},{"i":{"x":[0.833],"y":[0.806]},"o":{"x":[0.167],"y":[0.12]},"t":59,"s":[357.065]},{"i":{"x":[0.833],"y":[0.833]},"o":{"x":[0.167],"y":[0.146]},"t":60,"s":[356.779]},{"t":61,"s":[356.399]}],"ix":10},"p":{"a":0,"k":[32,35,0],"ix":2},"a":{"a":0,"k":[0,0,0],"ix":1},"s":{"a":0,"k":[100,100,100],"ix":6}},"ao":0,"ef":[{"ty":5,"nm":"Rotation - Overshoot","np":3,"mn":"ADBE Slider Control","ix":1,"en":1,"ef":[{"ty":0,"nm":"Slider","mn":"ADBE Slider Control-0001","ix":1,"v":{"a":0,"k":20,"ix":1,"x":"var $bm_rt;\n$bm_rt = clamp(value, 0, 100);"}}]},{"ty":5,"nm":"Rotation - Bounce","np":3,"mn":"ADBE Slider Control","ix":2,"en":1,"ef":[{"ty":0,"nm":"Slider","mn":"ADBE Slider Control-0001","ix":1,"v":{"a":0,"k":40,"ix":1,"x":"var $bm_rt;\n$bm_rt = clamp(value, 0, 100);"}}]},{"ty":5,"nm":"Rotation - Friction","np":3,"mn":"ADBE Slider Control","ix":3,"en":1,"ef":[{"ty":0,"nm":"Slider","mn":"ADBE Slider Control-0001","ix":1,"v":{"a":0,"k":40,"ix":1,"x":"var $bm_rt;\n$bm_rt = clamp(value, 0, 100);"}}]}],"shapes":[{"ind":0,"ty":"sh","ix":1,"ks":{"a":0,"k":{"i":[[1.381,0],[0,-1.381],[-1.381,0],[0,1.381]],"o":[[-1.381,0],[0,1.381],[1.381,0],[0,-1.381]],"v":[[0,7],[-2.5,9.5],[0,12],[2.5,9.5]],"c":true},"ix":2},"nm":"Path 1","mn":"ADBE Vector Shape - Group","hd":false},{"ind":1,"ty":"sh","ix":2,"ks":{"a":0,"k":{"i":[[0,-3.722],[1.981,-1.139],[0,-1.013],[1.297,0],[0,1.297],[-2.025,1.165],[0,0.78],[1.133,0],[0,-1.133],[1.297,0],[0,1.297],[-3.723,0]],"o":[[0,2.371],[-0.455,0.262],[0,1.297],[-1.297,0],[0,-2.55],[0.452,-0.259],[0,-1.133],[-1.133,0],[0,1.297],[-1.297,0],[0,-3.722],[3.723,0]],"v":[[6.75,-6.109],[3.489,-0.329],[2.348,2.012],[0,4.359],[-2.348,2.012],[1.147,-4.4],[2.055,-6.109],[0,-8.163],[-2.055,-6.109],[-4.402,-3.76],[-6.75,-6.109],[0,-12.859]],"c":true},"ix":2},"nm":"Path 2","mn":"ADBE Vector Shape - Group","hd":false},{"ty":"fl","c":{"a":1,"k":[{"i":{"x":[0.667],"y":[1]},"o":{"x":[0.167],"y":[1.414]},"t":3,"s":[0,0.003921568627,0.066666666667,1]},{"i":{"x":[0.667],"y":[1]},"o":{"x":[0.167],"y":[0]},"t":9,"s":[0.067440576851,0.105018749833,0.625980377197,1]},{"i":{"x":[0.667],"y":[1]},"o":{"x":[0.167],"y":[-1.414]},"t":54,"s":[0.067440576851,0.105018749833,0.625980377197,1]},{"t":61,"s":[0,0.003921568627,0.066666666667,1]}],"ix":4},"o":{"a":0,"k":100,"ix":5},"r":1,"bm":0,"nm":"Fill 1","mn":"ADBE Vector Graphic - Fill","hd":false}],"ip":0,"op":62,"st":0,"bm":0},{"ddd":0,"ind":4,"ty":5,"nm":"Maybe","sr":1,"ks":{"o":{"a":0,"k":100,"ix":11},"r":{"a":0,"k":0,"ix":10},"p":{"a":0,"k":[31.921,83.25,0],"ix":2},"a":{"a":0,"k":[0,0,0],"ix":1},"s":{"a":0,"k":[100,100,100],"ix":6}},"ao":0,"ef":[{"ty":20,"nm":"Tint","np":6,"mn":"ADBE Tint","ix":1,"en":1,"ef":[{"ty":2,"nm":"Map Black To","mn":"ADBE Tint-0001","ix":1,"v":{"a":0,"k":[0.976470589638,0.721568644047,0.015686275437,1],"ix":1}},{"ty":2,"nm":"Map White To","mn":"ADBE Tint-0002","ix":2,"v":{"a":0,"k":[0.976470589638,0.721568644047,0.015686275437,1],"ix":2}},{"ty":0,"nm":"Amount to Tint","mn":"ADBE Tint-0003","ix":3,"v":{"a":1,"k":[{"i":{"x":[0.833],"y":[0.833]},"o":{"x":[0.167],"y":[0.167]},"t":0,"s":[0]},{"i":{"x":[0.833],"y":[0.833]},"o":{"x":[0.167],"y":[0.167]},"t":13,"s":[100]},{"i":{"x":[0.833],"y":[0.833]},"o":{"x":[0.167],"y":[0.167]},"t":47,"s":[100]},{"t":61,"s":[0]}],"ix":3}},{"ty":6,"nm":"","mn":"ADBE Tint-0004","ix":4,"v":0}]}],"t":{"d":{"k":[{"s":{"s":12,"f":"SFProText-Semibold","t":"Maybe","j":2,"tr":-17,"lh":14.4,"ls":0,"fc":[0.463,0.463,0.463]},"t":0}]},"p":{},"m":{"g":1,"a":{"a":0,"k":[0,0],"ix":2}},"a":[{"nm":"Animator 1","s":{"t":0,"xe":{"a":0,"k":0,"ix":7},"ne":{"a":0,"k":0,"ix":8},"a":{"a":0,"k":100,"ix":4},"b":3,"rn":0,"sh":1,"s":{"a":1,"k":[{"i":{"x":[0.497],"y":[0.613]},"o":{"x":[0.636],"y":[0]},"t":0,"s":[0]},{"i":{"x":[0.426],"y":[1]},"o":{"x":[0.151],"y":[-0.157]},"t":20,"s":[100]},{"i":{"x":[0.833],"y":[1]},"o":{"x":[0.167],"y":[0]},"t":47,"s":[0]},{"t":61,"s":[0]}],"ix":1},"r":1},"a":{"p":{"a":0,"k":[0,4,0],"ix":2}}}]},"ip":0,"op":62,"st":-187,"bm":0},{"ddd":0,"ind":5,"ty":4,"nm":"Shape Layer 2","sr":1,"ks":{"o":{"a":1,"k":[{"i":{"x":[0.833],"y":[0.833]},"o":{"x":[0.167],"y":[0.167]},"t":47,"s":[100]},{"t":61,"s":[0]}],"ix":11},"r":{"a":0,"k":0,"ix":10},"p":{"a":0,"k":[32,32,0],"ix":2},"a":{"a":0,"k":[2.756,-11.244,0],"ix":1},"s":{"a":1,"k":[{"i":{"x":[0.833,0.833,0.833],"y":[-0.417,-0.417,1]},"o":{"x":[0.167,0.167,0.167],"y":[0.167,0.167,0]},"t":0,"s":[0,0,100]},{"i":{"x":[0.833,0.833,0.833],"y":[0.506,0.506,1]},"o":{"x":[0.167,0.167,0.167],"y":[0.089,0.089,0]},"t":1,"s":[0.009,0.009,100]},{"i":{"x":[0.833,0.833,0.833],"y":[0.637,0.637,1]},"o":{"x":[0.167,0.167,0.167],"y":[0.1,0.1,0]},"t":2,"s":[0.158,0.158,100]},{"i":{"x":[0.833,0.833,0.833],"y":[0.663,0.663,1]},"o":{"x":[0.167,0.167,0.167],"y":[0.108,0.108,0]},"t":3,"s":[0.892,0.892,100]},{"i":{"x":[0.833,0.833,0.833],"y":[0.688,0.688,1]},"o":{"x":[0.167,0.167,0.167],"y":[0.111,0.111,0]},"t":4,"s":[3.357,3.357,100]},{"i":{"x":[0.833,0.833,0.833],"y":[0.819,0.819,1]},"o":{"x":[0.167,0.167,0.167],"y":[0.114,0.114,0]},"t":5,"s":[10.864,10.864,100]},{"i":{"x":[0.833,0.833,0.833],"y":[0.862,0.862,1]},"o":{"x":[0.167,0.167,0.167],"y":[0.154,0.154,0]},"t":6,"s":[31.5,31.5,100]},{"i":{"x":[0.833,0.833,0.833],"y":[0.86,0.86,1]},"o":{"x":[0.167,0.167,0.167],"y":[0.21,0.21,0]},"t":7,"s":[55.724,55.724,100]},{"i":{"x":[0.833,0.833,0.833],"y":[0.859,0.859,1]},"o":{"x":[0.167,0.167,0.167],"y":[0.207,0.207,0]},"t":8,"s":[71.721,71.721,100]},{"i":{"x":[0.833,0.833,0.833],"y":[0.86,0.86,1]},"o":{"x":[0.167,0.167,0.167],"y":[0.203,0.203,0]},"t":9,"s":[82.544,82.544,100]},{"i":{"x":[0.833,0.833,0.833],"y":[0.865,0.865,1]},"o":{"x":[0.167,0.167,0.167],"y":[0.206,0.206,0]},"t":10,"s":[90.084,90.084,100]},{"i":{"x":[0.833,0.833,0.833],"y":[0.878,0.878,1]},"o":{"x":[0.167,0.167,0.167],"y":[0.218,0.218,0]},"t":11,"s":[95.21,95.21,100]},{"i":{"x":[0.833,0.833,0.833],"y":[0.911,0.911,1]},"o":{"x":[0.167,0.167,0.167],"y":[0.263,0.263,0]},"t":12,"s":[98.377,98.377,100]},{"i":{"x":[0.833,0.833,0.833],"y":[1.176,1.176,1]},"o":{"x":[0.167,0.167,0.167],"y":[1.281,1.281,0]},"t":13,"s":[99.846,99.846,100]},{"i":{"x":[0.833,0.833,0.833],"y":[0.784,0.784,1]},"o":{"x":[0.167,0.167,0.167],"y":[0.057,0.057,0]},"t":14,"s":[99.948,99.948,100]},{"i":{"x":[0.833,0.833,0.833],"y":[0.822,0.822,1]},"o":{"x":[0.167,0.167,0.167],"y":[0.136,0.136,0]},"t":15,"s":[99.63,99.63,100]},{"i":{"x":[0.833,0.833,0.833],"y":[0.84,0.84,1]},"o":{"x":[0.167,0.167,0.167],"y":[0.157,0.157,0]},"t":16,"s":[99.124,99.124,100]},{"i":{"x":[0.833,0.833,0.833],"y":[0.856,0.856,1]},"o":{"x":[0.167,0.167,0.167],"y":[0.174,0.174,0]},"t":17,"s":[98.551,98.551,100]},{"i":{"x":[0.833,0.833,0.833],"y":[0.88,0.88,1]},"o":{"x":[0.167,0.167,0.167],"y":[0.199,0.199,0]},"t":18,"s":[98.026,98.026,100]},{"i":{"x":[0.833,0.833,0.833],"y":[0.956,0.956,1]},"o":{"x":[0.167,0.167,0.167],"y":[0.275,0.275,0]},"t":19,"s":[97.647,97.647,100]},{"i":{"x":[0.833,0.833,0.833],"y":[0.588,0.588,1]},"o":{"x":[0.167,0.167,0.167],"y":[-0.093,-0.093,0]},"t":20,"s":[97.482,97.482,100]},{"i":{"x":[0.833,0.833,0.833],"y":[0.786,0.786,1]},"o":{"x":[0.167,0.167,0.167],"y":[0.104,0.104,0]},"t":21,"s":[97.56,97.56,100]},{"i":{"x":[0.833,0.833,0.833],"y":[0.818,0.818,1]},"o":{"x":[0.167,0.167,0.167],"y":[0.137,0.137,0]},"t":22,"s":[97.867,97.867,100]},{"i":{"x":[0.833,0.833,0.833],"y":[0.837,0.837,1]},"o":{"x":[0.167,0.167,0.167],"y":[0.154,0.154,0]},"t":23,"s":[98.349,98.349,100]},{"i":{"x":[0.833,0.833,0.833],"y":[0.855,0.855,1]},"o":{"x":[0.167,0.167,0.167],"y":[0.17,0.17,0]},"t":24,"s":[98.917,98.917,100]},{"i":{"x":[0.833,0.833,0.833],"y":[0.888,0.888,1]},"o":{"x":[0.167,0.167,0.167],"y":[0.197,0.197,0]},"t":25,"s":[99.461,99.461,100]},{"i":{"x":[0.833,0.833,0.833],"y":[0.94,0.94,1]},"o":{"x":[0.167,0.167,0.167],"y":[0.326,0.326,0]},"t":26,"s":[99.862,99.862,100]},{"i":{"x":[0.833,0.833,0.833],"y":[0.789,0.789,1]},"o":{"x":[0.167,0.167,0.167],"y":[-0.211,-0.211,0]},"t":27,"s":[100,100,100]},{"i":{"x":[0.833,0.833,0.833],"y":[0.868,0.868,1]},"o":{"x":[0.167,0.167,0.167],"y":[0.138,0.138,0]},"t":28,"s":[99.961,99.961,100]},{"i":{"x":[0.833,0.833,0.833],"y":[0.943,0.943,1]},"o":{"x":[0.167,0.167,0.167],"y":[0.226,0.226,0]},"t":29,"s":[99.901,99.901,100]},{"i":{"x":[0.833,0.833,0.833],"y":[0.529,0.529,1]},"o":{"x":[0.167,0.167,0.167],"y":[-0.185,-0.185,0]},"t":30,"s":[99.866,99.866,100]},{"i":{"x":[0.833,0.833,0.833],"y":[0.822,0.822,1]},"o":{"x":[0.167,0.167,0.167],"y":[0.101,0.101,0]},"t":31,"s":[99.877,99.877,100]},{"i":{"x":[0.833,0.833,0.833],"y":[0.896,0.896,1]},"o":{"x":[0.167,0.167,0.167],"y":[0.156,0.156,0]},"t":32,"s":[99.927,99.927,100]},{"i":{"x":[0.833,0.833,0.833],"y":[0.954,0.954,1]},"o":{"x":[0.167,0.167,0.167],"y":[0.418,0.418,0]},"t":33,"s":[99.985,99.985,100]},{"i":{"x":[0.833,0.833,0.833],"y":[0.941,0.941,1]},"o":{"x":[0.167,0.167,0.167],"y":[-0.102,-0.102,0]},"t":34,"s":[99.999,99.999,100]},{"i":{"x":[0.833,0.833,0.833],"y":[0.666,0.666,1]},"o":{"x":[0.167,0.167,0.167],"y":[-0.198,-0.198,0]},"t":35,"s":[99.992,99.992,100]},{"i":{"x":[0.833,0.833,0.833],"y":[0.917,0.917,1]},"o":{"x":[0.167,0.167,0.167],"y":[0.111,0.111,0]},"t":36,"s":[99.994,99.994,100]},{"i":{"x":[0.833,0.833,0.833],"y":[1,1,1]},"o":{"x":[0.167,0.167,0.167],"y":[0,0,0]},"t":37,"s":[100,100,100]},{"i":{"x":[0.833,0.833,0.833],"y":[1,1,1]},"o":{"x":[0.167,0.167,0.167],"y":[0,0,0]},"t":38,"s":[100,100,100]},{"i":{"x":[0.833,0.833,0.833],"y":[1,1,1]},"o":{"x":[0.167,0.167,0.167],"y":[0,0,0]},"t":39,"s":[100,100,100]},{"i":{"x":[0.833,0.833,0.833],"y":[1,1,1]},"o":{"x":[0.167,0.167,0.167],"y":[0,0,0]},"t":40,"s":[100,100,100]},{"i":{"x":[0.833,0.833,0.833],"y":[1,1,1]},"o":{"x":[0.167,0.167,0.167],"y":[0,0,0]},"t":41,"s":[100,100,100]},{"i":{"x":[0.833,0.833,0.833],"y":[1,1,1]},"o":{"x":[0.167,0.167,0.167],"y":[0,0,0]},"t":42,"s":[100,100,100]},{"i":{"x":[0.833,0.833,0.833],"y":[1,1,1]},"o":{"x":[0.167,0.167,0.167],"y":[0,0,0]},"t":43,"s":[100,100,100]},{"i":{"x":[0.833,0.833,0.833],"y":[1,1,1]},"o":{"x":[0.167,0.167,0.167],"y":[0,0,0]},"t":44,"s":[100,100,100]},{"i":{"x":[0.833,0.833,0.833],"y":[1,1,1]},"o":{"x":[0.167,0.167,0.167],"y":[0,0,0]},"t":45,"s":[100,100,100]},{"i":{"x":[0.833,0.833,0.833],"y":[1,1,1]},"o":{"x":[0.167,0.167,0.167],"y":[0,0,0]},"t":46,"s":[100,100,100]},{"t":47,"s":[100,100,100]}],"ix":6}},"ao":0,"shapes":[{"ty":"gr","it":[{"d":1,"ty":"el","s":{"a":0,"k":[64,64],"ix":2},"p":{"a":0,"k":[0,0],"ix":3},"nm":"Ellipse Path 1","mn":"ADBE Vector Shape - Ellipse","hd":false},{"ty":"st","c":{"a":0,"k":[0,0,0,1],"ix":3},"o":{"a":0,"k":100,"ix":4},"w":{"a":0,"k":0,"ix":5},"lc":1,"lj":1,"ml":4,"bm":0,"nm":"Stroke 1","mn":"ADBE Vector Graphic - Stroke","hd":false},{"ty":"fl","c":{"a":0,"k":[0.976470588235,0.721568627451,0.01568627451,1],"ix":4},"o":{"a":0,"k":100,"ix":5},"r":1,"bm":0,"nm":"Fill 1","mn":"ADBE Vector Graphic - Fill","hd":false},{"ty":"tr","p":{"a":0,"k":[2.756,-11.244],"ix":2},"a":{"a":0,"k":[0,0],"ix":1},"s":{"a":0,"k":[100,100],"ix":3},"r":{"a":0,"k":0,"ix":6},"o":{"a":0,"k":100,"ix":7},"sk":{"a":0,"k":0,"ix":4},"sa":{"a":0,"k":0,"ix":5},"nm":"Transform"}],"nm":"Ellipse 1","np":3,"cix":2,"bm":0,"ix":1,"mn":"ADBE Vector Group","hd":false}],"ip":0,"op":62,"st":0,"bm":0},{"ddd":0,"ind":6,"ty":4,"nm":"Shape Layer 1","sr":1,"ks":{"o":{"a":0,"k":100,"ix":11},"r":{"a":0,"k":0,"ix":10},"p":{"a":0,"k":[32,32,0],"ix":2},"a":{"a":0,"k":[2.756,-11.244,0],"ix":1},"s":{"a":0,"k":[100,100,100],"ix":6}},"ao":0,"shapes":[{"ty":"gr","it":[{"d":1,"ty":"el","s":{"a":0,"k":[64,64],"ix":2},"p":{"a":0,"k":[0,0],"ix":3},"nm":"Ellipse Path 1","mn":"ADBE Vector Shape - Ellipse","hd":false},{"ty":"st","c":{"a":0,"k":[0,0,0,1],"ix":3},"o":{"a":0,"k":100,"ix":4},"w":{"a":0,"k":0,"ix":5},"lc":1,"lj":1,"ml":4,"bm":0,"nm":"Stroke 1","mn":"ADBE Vector Graphic - Stroke","hd":false},{"ty":"fl","c":{"a":0,"k":[0.937254901961,0.937254901961,0.937254901961,1],"ix":4},"o":{"a":0,"k":100,"ix":5},"r":1,"bm":0,"nm":"Fill 1","mn":"ADBE Vector Graphic - Fill","hd":false},{"ty":"tr","p":{"a":0,"k":[2.756,-11.244],"ix":2},"a":{"a":0,"k":[0,0],"ix":1},"s":{"a":0,"k":[100,100],"ix":3},"r":{"a":0,"k":0,"ix":6},"o":{"a":0,"k":100,"ix":7},"sk":{"a":0,"k":0,"ix":4},"sa":{"a":0,"k":0,"ix":5},"nm":"Transform"}],"nm":"Ellipse 1","np":3,"cix":2,"bm":0,"ix":1,"mn":"ADBE Vector Group","hd":false}],"ip":0,"op":62,"st":-187,"bm":0}],"markers":[{"tm":47,"cm":"1","dr":0},{"tm":61,"cm":"2","dr":0}],"chars":[{"ch":"M","size":12,"style":"Semibold","w":90.14,"data":{"shapes":[{"ty":"gr","it":[{"ind":0,"ty":"sh","ix":1,"ks":{"a":0,"k":{"i":[[0,0],[0,0],[0,0],[0,0],[0,0],[0,0],[0,0],[0,0],[0,0],[0,0],[0,0],[0,0],[0,0],[0,0],[0,0],[0,0]],"o":[[0,0],[0,0],[0,0],[0,0],[0,0],[0,0],[0,0],[0,0],[0,0],[0,0],[0,0],[0,0],[0,0],[0,0],[0,0],[0,0]],"v":[[81.445,0],[81.445,-70.459],[66.699,-70.459],[45.508,-18.164],[44.629,-18.164],[23.438,-70.459],[8.691,-70.459],[8.691,0],[20.41,0],[20.41,-49.951],[21.094,-49.951],[40.576,-2.197],[49.561,-2.197],[69.043,-49.951],[69.727,-49.951],[69.727,0]],"c":true},"ix":2},"nm":"M","mn":"ADBE Vector Shape - Group","hd":false}],"nm":"M","np":3,"cix":2,"bm":0,"ix":1,"mn":"ADBE Vector Group","hd":false}]},"fFamily":"SF Pro Text"},{"ch":"a","size":12,"style":"Semibold","w":57.57,"data":{"shapes":[{"ty":"gr","it":[{"ind":0,"ty":"sh","ix":1,"ks":{"a":0,"k":{"i":[[-10.303,0],[-2.979,5.176],[0,0],[0,0],[0,0],[0,0],[13.721,0],[0.977,-9.326],[0,0],[-5.566,0],[0,-5.322],[0,0],[0,0],[0,-9.57]],"o":[[6.982,0],[0,0],[0,0],[0,0],[0,0],[0,-11.279],[-12.695,0],[0,0],[1.123,-3.662],[6.543,0],[0,0],[0,0],[-12.988,0.732],[0,9.766]],"v":[[22.119,0.879],[37.939,-7.324],[38.77,-7.324],[38.77,0],[50.439,0],[50.439,-36.475],[29.004,-54.395],[6.494,-39.111],[17.92,-39.111],[28.418,-44.775],[38.477,-36.475],[38.477,-31.885],[24.707,-31.055],[4.443,-15.137]],"c":true},"ix":2},"nm":"a","mn":"ADBE Vector Shape - Group","hd":false},{"ind":1,"ty":"sh","ix":2,"ks":{"a":0,"k":{"i":[[7.324,0],[0,4.59],[-6.787,0.439],[0,0],[0,0]],"o":[[-5.371,0],[0,-4.443],[0,0],[0,0],[0,6.348]],"v":[[25.684,-8.447],[16.455,-15.723],[26.416,-23.096],[38.477,-23.926],[38.477,-19.58]],"c":true},"ix":2},"nm":"a","mn":"ADBE Vector Shape - Group","hd":false}],"nm":"a","np":5,"cix":2,"bm":0,"ix":1,"mn":"ADBE Vector Group","hd":false}]},"fFamily":"SF Pro Text"},{"ch":"y","size":12,"style":"Semibold","w":57.76,"data":{"shapes":[{"ty":"gr","it":[{"ind":0,"ty":"sh","ix":1,"ks":{"a":0,"k":{"i":[[-0.732,0],[-4.541,13.135],[0,0],[0,0],[0,0],[0,0],[0,0],[0,0],[0,0],[0,0],[5.127,0],[0.684,0.098],[0,0]],"o":[[11.963,0],[0,0],[0,0],[0,0],[0,0],[0,0],[0,0],[0,0],[0,0],[-1.562,5.029],[-0.83,0],[0,0],[0.781,0.146]],"v":[[13.281,19.336],[35.498,1.855],[54.785,-53.369],[41.992,-53.369],[29.541,-11.475],[28.711,-11.475],[16.211,-53.369],[2.93,-53.369],[22.021,0.195],[21.387,2.686],[11.816,9.668],[8.496,9.521],[8.496,19.141]],"c":true},"ix":2},"nm":"y","mn":"ADBE Vector Shape - Group","hd":false}],"nm":"y","np":3,"cix":2,"bm":0,"ix":1,"mn":"ADBE Vector Group","hd":false}]},"fFamily":"SF Pro Text"},{"ch":"b","size":12,"style":"Semibold","w":63.77,"data":{"shapes":[{"ty":"gr","it":[{"ind":0,"ty":"sh","ix":1,"ks":{"a":0,"k":{"i":[[-7.471,0],[0,16.943],[13.525,0],[2.783,-5.811],[0,0],[0,0],[0,0],[0,0],[0,0],[0,0],[0,0]],"o":[[13.477,0],[0,-17.041],[-7.324,0],[0,0],[0,0],[0,0],[0,0],[0,0],[0,0],[0,0],[3.027,5.859]],"v":[[37.109,0.879],[59.033,-26.66],[37.109,-54.248],[20.85,-44.873],[20.02,-44.873],[20.02,-74.023],[7.91,-74.023],[7.91,0],[19.58,0],[19.58,-8.447],[20.41,-8.447]],"c":true},"ix":2},"nm":"b","mn":"ADBE Vector Shape - Group","hd":false},{"ind":1,"ty":"sh","ix":2,"ks":{"a":0,"k":{"i":[[-8.252,0],[0,-10.889],[8.301,0],[0,10.791]],"o":[[8.252,0],[0,10.889],[-8.301,0],[0,-10.791]],"v":[[33.301,-44.141],[46.582,-26.66],[33.301,-9.18],[19.824,-26.66]],"c":true},"ix":2},"nm":"b","mn":"ADBE Vector Shape - Group","hd":false}],"nm":"b","np":5,"cix":2,"bm":0,"ix":1,"mn":"ADBE Vector Group","hd":false}]},"fFamily":"SF Pro Text"},{"ch":"e","size":12,"style":"Semibold","w":58.98,"data":{"shapes":[{"ty":"gr","it":[{"ind":0,"ty":"sh","ix":1,"ks":{"a":0,"k":{"i":[[0,0],[6.006,0],[0.293,9.033],[0,0],[0,0],[0,0],[15.234,0],[0,-17.139],[-15.723,0],[-2.197,9.619]],"o":[[-1.758,4.004],[-7.959,0],[0,0],[0,0],[0,0],[0,-16.748],[-15.479,0],[0,17.09],[12.598,0],[0,0]],"v":[[42.236,-14.6],[30.322,-8.35],[16.943,-23.047],[16.943,-23.682],[54.248,-23.682],[54.248,-27.539],[29.883,-54.395],[4.785,-26.465],[29.98,1.074],[53.711,-14.6]],"c":true},"ix":2},"nm":"e","mn":"ADBE Vector Shape - Group","hd":false},{"ind":1,"ty":"sh","ix":2,"ks":{"a":0,"k":{"i":[[-7.227,0],[-0.244,-8.105],[0,0]],"o":[[7.275,0],[0,0],[0.537,-8.008]],"v":[[29.834,-44.971],[42.139,-31.738],[16.992,-31.738]],"c":true},"ix":2},"nm":"e","mn":"ADBE Vector Shape - Group","hd":false}],"nm":"e","np":5,"cix":2,"bm":0,"ix":1,"mn":"ADBE Vector Group","hd":false}]},"fFamily":"SF Pro Text"}]}