{"v":"5.6.5","fr":30,"ip":0,"op":62,"w":64,"h":92,"nm":"3-tried-it","ddd":0,"assets":[],"fonts":{"list":[{"fName":"SFProText-Semibold","fFamily":"SF Pro Text","fStyle":"Semibold","ascent":74.0234375}]},"layers":[{"ddd":0,"ind":1,"ty":3,"nm":"Null 2","sr":1,"ks":{"o":{"a":0,"k":0,"ix":11},"r":{"a":0,"k":0,"ix":10},"p":{"a":1,"k":[{"i":{"x":0.833,"y":0.833},"o":{"x":0.167,"y":0.167},"t":0,"s":[29,53,0],"to":[0.5,0.333,0],"ti":[0,0,0]},{"i":{"x":0.833,"y":0.833},"o":{"x":0.167,"y":0.167},"t":47,"s":[32,55,0],"to":[0,0,0],"ti":[0.5,0.333,0]},{"t":61,"s":[29,53,0]}],"ix":2},"a":{"a":0,"k":[0,0,0],"ix":1},"s":{"a":1,"k":[{"i":{"x":[0.833,0.833,0.833],"y":[0.833,0.833,1.144]},"o":{"x":[0.333,0.333,0.333],"y":[0,0,0]},"t":0,"s":[100,100,100]},{"i":{"x":[0.833,0.833,0.833],"y":[0.833,0.833,0.856]},"o":{"x":[0.167,0.167,0.167],"y":[0,0,0]},"t":46,"s":[115,115,100]},{"t":61,"s":[100,100,100]}],"ix":6}},"ao":0,"ip":0,"op":62,"st":0,"bm":0},{"ddd":0,"ind":2,"ty":4,"nm":"right-hand","parent":1,"sr":1,"ks":{"o":{"a":0,"k":100,"ix":11},"r":{"a":0,"k":0,"ix":10},"p":{"a":1,"k":[{"i":{"x":0.833,"y":0.871},"o":{"x":0.167,"y":0.167},"t":0,"s":[4,-18.5,0],"to":[0.361,0,0],"ti":[-0.558,0,0]},{"i":{"x":0.833,"y":0.884},"o":{"x":0.167,"y":0.236},"t":1,"s":[6.164,-18.5,0],"to":[0.558,0,0],"ti":[-0.274,0,0]},{"i":{"x":0.833,"y":0.902},"o":{"x":0.167,"y":0.297},"t":2,"s":[7.345,-18.5,0],"to":[0.274,0,0],"ti":[-0.078,0,0]},{"i":{"x":0.833,"y":0.729},"o":{"x":0.167,"y":0.541},"t":3,"s":[7.807,-18.5,0],"to":[0.078,0,0],"ti":[0.031,0,0]},{"i":{"x":0.833,"y":0.727},"o":{"x":0.167,"y":0.12},"t":4,"s":[7.812,-18.5,0],"to":[-0.031,0,0],"ti":[0.052,0,0]},{"i":{"x":0.833,"y":0.287},"o":{"x":0.167,"y":0.12},"t":5,"s":[7.622,-18.5,0],"to":[-0.052,0,0],"ti":[0.564,0,0]},{"i":{"x":0.833,"y":0.866},"o":{"x":0.167,"y":0.094},"t":6,"s":[7.5,-18.5,0],"to":[-0.564,0,0],"ti":[0.875,0,0]},{"i":{"x":0.833,"y":0.875},"o":{"x":0.167,"y":0.22},"t":7,"s":[4.24,-18.5,0],"to":[-0.875,0,0],"ti":[0.498,0,0]},{"i":{"x":0.833,"y":0.893},"o":{"x":0.167,"y":0.249},"t":8,"s":[2.252,-18.5,0],"to":[-0.498,0,0],"ti":[0.214,0,0]},{"i":{"x":0.833,"y":0.873},"o":{"x":0.167,"y":0.373},"t":9,"s":[1.255,-18.5,0],"to":[-0.214,0,0],"ti":[0.024,0,0]},{"i":{"x":0.833,"y":0.755},"o":{"x":0.167,"y":0.243},"t":10,"s":[0.968,-18.5,0],"to":[-0.024,0,0],"ti":[-0.072,0,0]},{"i":{"x":0.833,"y":0.821},"o":{"x":0.167,"y":0.126},"t":11,"s":[1.11,-18.5,0],"to":[0.072,0,0],"ti":[-0.075,0,0]},{"i":{"x":0.833,"y":0.256},"o":{"x":0.167,"y":0.156},"t":12,"s":[1.401,-18.5,0],"to":[0.075,0,0],"ti":[-0.469,0,0]},{"i":{"x":0.833,"y":0.859},"o":{"x":0.167,"y":0.094},"t":13,"s":[1.561,-18.5,0],"to":[0.469,0,0],"ti":[-0.751,0,0]},{"i":{"x":0.833,"y":0.864},"o":{"x":0.167,"y":0.203},"t":14,"s":[4.216,-18.5,0],"to":[0.751,0,0],"ti":[-0.504,0,0]},{"i":{"x":0.833,"y":0.872},"o":{"x":0.167,"y":0.215},"t":15,"s":[6.064,-18.5,0],"to":[0.504,0,0],"ti":[-0.301,0,0]},{"i":{"x":0.833,"y":0.888},"o":{"x":0.167,"y":0.238},"t":16,"s":[7.237,-18.5,0],"to":[0.301,0,0],"ti":[-0.142,0,0]},{"i":{"x":0.833,"y":0.888},"o":{"x":0.167,"y":0.322},"t":17,"s":[7.868,-18.5,0],"to":[0.142,0,0],"ti":[-0.027,0,0]},{"i":{"x":0.833,"y":0.691},"o":{"x":0.167,"y":0.324},"t":18,"s":[8.088,-18.5,0],"to":[0.027,0,0],"ti":[0.044,0,0]},{"i":{"x":0.833,"y":0.827},"o":{"x":0.167,"y":0.114},"t":19,"s":[8.029,-18.5,0],"to":[-0.044,0,0],"ti":[0.071,0,0]},{"i":{"x":0.833,"y":0.729},"o":{"x":0.167,"y":0.161},"t":20,"s":[7.823,-18.5,0],"to":[-0.071,0,0],"ti":[0.054,0,0]},{"i":{"x":0.833,"y":0.298},"o":{"x":0.167,"y":0.12},"t":21,"s":[7.603,-18.5,0],"to":[-0.054,0,0],"ti":[0.629,0,0]},{"i":{"x":0.833,"y":0.871},"o":{"x":0.167,"y":0.095},"t":22,"s":[7.5,-18.5,0],"to":[-0.629,0,0],"ti":[0.946,0,0]},{"i":{"x":0.833,"y":0.884},"o":{"x":0.167,"y":0.236},"t":23,"s":[3.828,-18.5,0],"to":[-0.946,0,0],"ti":[0.465,0,0]},{"i":{"x":0.833,"y":0.902},"o":{"x":0.167,"y":0.297},"t":24,"s":[1.823,-18.5,0],"to":[-0.465,0,0],"ti":[0.132,0,0]},{"i":{"x":0.833,"y":0.727},"o":{"x":0.167,"y":0.543},"t":25,"s":[1.04,-18.5,0],"to":[-0.132,0,0],"ti":[-0.052,0,0]},{"i":{"x":0.833,"y":0.796},"o":{"x":0.167,"y":0.12},"t":26,"s":[1.032,-18.5,0],"to":[0.052,0,0],"ti":[-0.088,0,0]},{"i":{"x":0.833,"y":0.261},"o":{"x":0.167,"y":0.141},"t":27,"s":[1.354,-18.5,0],"to":[0.088,0,0],"ti":[-0.646,0,0]},{"i":{"x":0.833,"y":0.871},"o":{"x":0.167,"y":0.094},"t":28,"s":[1.561,-18.5,0],"to":[0.646,0,0],"ti":[-0.946,0,0]},{"i":{"x":0.833,"y":0.884},"o":{"x":0.167,"y":0.236},"t":29,"s":[5.233,-18.5,0],"to":[0.946,0,0],"ti":[-0.465,0,0]},{"i":{"x":0.833,"y":0.902},"o":{"x":0.167,"y":0.297},"t":30,"s":[7.237,-18.5,0],"to":[0.465,0,0],"ti":[-0.132,0,0]},{"i":{"x":0.833,"y":0.727},"o":{"x":0.167,"y":0.543},"t":31,"s":[8.021,-18.5,0],"to":[0.132,0,0],"ti":[0.052,0,0]},{"i":{"x":0.833,"y":0.796},"o":{"x":0.167,"y":0.12},"t":32,"s":[8.029,-18.5,0],"to":[-0.052,0,0],"ti":[0.088,0,0]},{"i":{"x":0.833,"y":0.261},"o":{"x":0.167,"y":0.141},"t":33,"s":[7.706,-18.5,0],"to":[-0.088,0,0],"ti":[0.646,0,0]},{"i":{"x":0.833,"y":0.871},"o":{"x":0.167,"y":0.094},"t":34,"s":[7.5,-18.5,0],"to":[-0.646,0,0],"ti":[0.946,0,0]},{"i":{"x":0.833,"y":0.884},"o":{"x":0.167,"y":0.236},"t":35,"s":[3.828,-18.5,0],"to":[-0.946,0,0],"ti":[0.465,0,0]},{"i":{"x":0.833,"y":0.902},"o":{"x":0.167,"y":0.297},"t":36,"s":[1.823,-18.5,0],"to":[-0.465,0,0],"ti":[0.132,0,0]},{"i":{"x":0.833,"y":0.727},"o":{"x":0.167,"y":0.543},"t":37,"s":[1.04,-18.5,0],"to":[-0.132,0,0],"ti":[-0.052,0,0]},{"i":{"x":0.833,"y":0.863},"o":{"x":0.167,"y":0.12},"t":38,"s":[1.032,-18.5,0],"to":[0.052,0,0],"ti":[-0.088,0,0]},{"i":{"x":0.833,"y":0.376},"o":{"x":0.167,"y":0.213},"t":39,"s":[1.354,-18.5,0],"to":[0.088,0,0],"ti":[-0.258,0,0]},{"i":{"x":0.833,"y":0.866},"o":{"x":0.167,"y":0.096},"t":40,"s":[1.561,-18.5,0],"to":[0.258,0,0],"ti":[-0.359,0,0]},{"i":{"x":0.833,"y":0.875},"o":{"x":0.167,"y":0.22},"t":41,"s":[2.9,-18.5,0],"to":[0.359,0,0],"ti":[-0.204,0,0]},{"i":{"x":0.833,"y":0.893},"o":{"x":0.167,"y":0.249},"t":42,"s":[3.716,-18.5,0],"to":[0.204,0,0],"ti":[-0.088,0,0]},{"i":{"x":0.833,"y":0.873},"o":{"x":0.167,"y":0.373},"t":43,"s":[4.126,-18.5,0],"to":[0.088,0,0],"ti":[-0.01,0,0]},{"i":{"x":0.833,"y":0.755},"o":{"x":0.167,"y":0.242},"t":44,"s":[4.244,-18.5,0],"to":[0.01,0,0],"ti":[0.03,0,0]},{"i":{"x":0.833,"y":0.833},"o":{"x":0.167,"y":0.126},"t":45,"s":[4.185,-18.5,0],"to":[-0.03,0,0],"ti":[0.02,0,0]},{"t":46,"s":[4.065,-18.5,0]}],"ix":2},"a":{"a":0,"k":[0,0,0],"ix":1},"s":{"a":0,"k":[100,100,100],"ix":6}},"ao":0,"shapes":[{"ind":0,"ty":"sh","ix":1,"ks":{"a":0,"k":{"i":[[0,-0.972],[0,0],[0,0],[1.383,-1.374],[2.671,2.652],[0,0],[0,0],[0,0],[-0.594,0.59],[-0.594,-0.589],[0,0],[-0.693,0.687],[-0.693,-0.688],[0,0],[-0.693,0.688],[-0.693,-0.687],[0,0],[-0.692,0.687],[-0.693,-0.688],[0,0],[0,0],[0,0],[0,0],[-0.979,0]],"o":[[0,0],[0,0],[0.05,1.8],[-2.671,2.652],[0,0],[0,0],[0,0],[-0.594,-0.589],[0.593,-0.589],[0,0],[-0.693,-0.688],[0.692,-0.688],[0,0],[-0.693,-0.687],[0.692,-0.687],[0,0],[-0.692,-0.687],[0.693,-0.688],[0,0],[0,0],[0,0],[0,0],[0,-0.972],[0.979,0]],"v":[[9.566,-5.021],[9.566,3.275],[9.557,3.275],[7.563,8.266],[-2.109,8.266],[-3.721,6.665],[-7.364,3.046],[-8.377,2.04],[-8.377,-0.094],[-6.228,-0.094],[-8.914,-2.76],[-8.914,-5.251],[-6.407,-5.251],[-7.84,-6.673],[-7.84,-9.163],[-5.332,-9.163],[-3.9,-7.74],[-3.9,-10.229],[-1.392,-10.229],[2.307,-6.557],[3.086,-5.785],[6.02,-2.87],[6.02,-5.021],[7.793,-6.781]],"c":true},"ix":2},"nm":"Path 1","mn":"ADBE Vector Shape - Group","hd":false},{"ty":"fl","c":{"a":1,"k":[{"i":{"x":[0.833],"y":[0.833]},"o":{"x":[0.167],"y":[0.167]},"t":0,"s":[0,0,0,1]},{"i":{"x":[0.833],"y":[0.833]},"o":{"x":[0.167],"y":[0.167]},"t":13,"s":[1,0.661213235294,0,1]},{"i":{"x":[0.833],"y":[0.833]},"o":{"x":[0.167],"y":[0.167]},"t":46,"s":[1,0.661213235294,0,1]},{"t":61,"s":[0,0,0,1]}],"ix":4},"o":{"a":0,"k":100,"ix":5},"r":1,"bm":0,"nm":"Fill 1","mn":"ADBE Vector Graphic - Fill","hd":false}],"ip":0,"op":62,"st":0,"bm":0},{"ddd":0,"ind":3,"ty":4,"nm":"left-hand","parent":1,"sr":1,"ks":{"o":{"a":0,"k":65,"ix":11},"r":{"a":0,"k":0,"ix":10},"p":{"a":1,"k":[{"i":{"x":0.833,"y":0.899},"o":{"x":0.167,"y":0.167},"t":0,"s":[-0.25,-18.5,0],"to":[-0.809,0,0],"ti":[0.978,0,0]},{"i":{"x":0.833,"y":0.884},"o":{"x":0.167,"y":0.483},"t":1,"s":[-5.105,-18.5,0],"to":[-0.978,0,0],"ti":[0.235,0,0]},{"i":{"x":0.833,"y":0.902},"o":{"x":0.167,"y":0.297},"t":2,"s":[-6.117,-18.5,0],"to":[-0.235,0,0],"ti":[0.067,0,0]},{"i":{"x":0.833,"y":0.728},"o":{"x":0.167,"y":0.542},"t":3,"s":[-6.513,-18.5,0],"to":[-0.067,0,0],"ti":[-0.026,0,0]},{"i":{"x":0.833,"y":0.711},"o":{"x":0.167,"y":0.12},"t":4,"s":[-6.517,-18.5,0],"to":[0.026,0,0],"ti":[-0.045,0,0]},{"i":{"x":0.833,"y":0.291},"o":{"x":0.167,"y":0.117},"t":5,"s":[-6.354,-18.5,0],"to":[0.045,0,0],"ti":[-0.521,0,0]},{"i":{"x":0.833,"y":0.866},"o":{"x":0.167,"y":0.094},"t":6,"s":[-6.25,-18.5,0],"to":[0.521,0,0],"ti":[-0.811,0,0]},{"i":{"x":0.833,"y":0.875},"o":{"x":0.167,"y":0.22},"t":7,"s":[-3.228,-18.5,0],"to":[0.811,0,0],"ti":[-0.461,0,0]},{"i":{"x":0.833,"y":0.893},"o":{"x":0.167,"y":0.249},"t":8,"s":[-1.384,-18.5,0],"to":[0.461,0,0],"ti":[-0.198,0,0]},{"i":{"x":0.833,"y":0.873},"o":{"x":0.167,"y":0.373},"t":9,"s":[-0.459,-18.5,0],"to":[0.198,0,0],"ti":[-0.022,0,0]},{"i":{"x":0.833,"y":0.755},"o":{"x":0.167,"y":0.243},"t":10,"s":[-0.193,-18.5,0],"to":[0.022,0,0],"ti":[0.067,0,0]},{"i":{"x":0.833,"y":0.821},"o":{"x":0.167,"y":0.126},"t":11,"s":[-0.325,-18.5,0],"to":[-0.067,0,0],"ti":[0.07,0,0]},{"i":{"x":0.833,"y":0.256},"o":{"x":0.167,"y":0.156},"t":12,"s":[-0.595,-18.5,0],"to":[-0.07,0,0],"ti":[0.435,0,0]},{"i":{"x":0.833,"y":0.859},"o":{"x":0.167,"y":0.094},"t":13,"s":[-0.743,-18.5,0],"to":[-0.435,0,0],"ti":[0.696,0,0]},{"i":{"x":0.833,"y":0.864},"o":{"x":0.167,"y":0.203},"t":14,"s":[-3.205,-18.5,0],"to":[-0.696,0,0],"ti":[0.467,0,0]},{"i":{"x":0.833,"y":0.872},"o":{"x":0.167,"y":0.215},"t":15,"s":[-4.919,-18.5,0],"to":[-0.467,0,0],"ti":[0.279,0,0]},{"i":{"x":0.833,"y":0.888},"o":{"x":0.167,"y":0.238},"t":16,"s":[-6.007,-18.5,0],"to":[-0.279,0,0],"ti":[0.131,0,0]},{"i":{"x":0.833,"y":0.888},"o":{"x":0.167,"y":0.322},"t":17,"s":[-6.591,-18.5,0],"to":[-0.131,0,0],"ti":[0.025,0,0]},{"i":{"x":0.833,"y":0.691},"o":{"x":0.167,"y":0.324},"t":18,"s":[-6.795,-18.5,0],"to":[-0.025,0,0],"ti":[-0.041,0,0]},{"i":{"x":0.833,"y":0.827},"o":{"x":0.167,"y":0.114},"t":19,"s":[-6.74,-18.5,0],"to":[0.041,0,0],"ti":[-0.066,0,0]},{"i":{"x":0.833,"y":0.729},"o":{"x":0.167,"y":0.161},"t":20,"s":[-6.549,-18.5,0],"to":[0.066,0,0],"ti":[-0.05,0,0]},{"i":{"x":0.833,"y":0.298},"o":{"x":0.167,"y":0.12},"t":21,"s":[-6.345,-18.5,0],"to":[0.05,0,0],"ti":[-0.583,0,0]},{"i":{"x":0.833,"y":0.871},"o":{"x":0.167,"y":0.095},"t":22,"s":[-6.25,-18.5,0],"to":[0.583,0,0],"ti":[-0.877,0,0]},{"i":{"x":0.833,"y":0.884},"o":{"x":0.167,"y":0.236},"t":23,"s":[-2.845,-18.5,0],"to":[0.877,0,0],"ti":[-0.431,0,0]},{"i":{"x":0.833,"y":0.902},"o":{"x":0.167,"y":0.297},"t":24,"s":[-0.987,-18.5,0],"to":[0.431,0,0],"ti":[-0.122,0,0]},{"i":{"x":0.833,"y":0.728},"o":{"x":0.167,"y":0.543},"t":25,"s":[-0.26,-18.5,0],"to":[0.122,0,0],"ti":[0.049,0,0]},{"i":{"x":0.833,"y":0.796},"o":{"x":0.167,"y":0.12},"t":26,"s":[-0.253,-18.5,0],"to":[-0.049,0,0],"ti":[0.082,0,0]},{"i":{"x":0.833,"y":0.261},"o":{"x":0.167,"y":0.141},"t":27,"s":[-0.552,-18.5,0],"to":[-0.082,0,0],"ti":[0.599,0,0]},{"i":{"x":0.833,"y":0.871},"o":{"x":0.167,"y":0.094},"t":28,"s":[-0.743,-18.5,0],"to":[-0.599,0,0],"ti":[0.877,0,0]},{"i":{"x":0.833,"y":0.884},"o":{"x":0.167,"y":0.236},"t":29,"s":[-4.148,-18.5,0],"to":[-0.877,0,0],"ti":[0.431,0,0]},{"i":{"x":0.833,"y":0.902},"o":{"x":0.167,"y":0.297},"t":30,"s":[-6.007,-18.5,0],"to":[-0.431,0,0],"ti":[0.122,0,0]},{"i":{"x":0.833,"y":0.728},"o":{"x":0.167,"y":0.543},"t":31,"s":[-6.733,-18.5,0],"to":[-0.122,0,0],"ti":[-0.049,0,0]},{"i":{"x":0.833,"y":0.796},"o":{"x":0.167,"y":0.12},"t":32,"s":[-6.74,-18.5,0],"to":[0.049,0,0],"ti":[-0.082,0,0]},{"i":{"x":0.833,"y":0.261},"o":{"x":0.167,"y":0.141},"t":33,"s":[-6.441,-18.5,0],"to":[0.082,0,0],"ti":[-0.599,0,0]},{"i":{"x":0.833,"y":0.871},"o":{"x":0.167,"y":0.094},"t":34,"s":[-6.25,-18.5,0],"to":[0.599,0,0],"ti":[-0.877,0,0]},{"i":{"x":0.833,"y":0.884},"o":{"x":0.167,"y":0.236},"t":35,"s":[-2.845,-18.5,0],"to":[0.877,0,0],"ti":[-0.431,0,0]},{"i":{"x":0.833,"y":0.902},"o":{"x":0.167,"y":0.297},"t":36,"s":[-0.987,-18.5,0],"to":[0.431,0,0],"ti":[-0.122,0,0]},{"i":{"x":0.833,"y":0.728},"o":{"x":0.167,"y":0.543},"t":37,"s":[-0.26,-18.5,0],"to":[0.122,0,0],"ti":[0.049,0,0]},{"i":{"x":0.833,"y":0.863},"o":{"x":0.167,"y":0.12},"t":38,"s":[-0.253,-18.5,0],"to":[-0.049,0,0],"ti":[0.082,0,0]},{"i":{"x":0.833,"y":0.321},"o":{"x":0.167,"y":0.213},"t":39,"s":[-0.552,-18.5,0],"to":[-0.082,0,0],"ti":[0.261,0,0]},{"i":{"x":0.833,"y":0.866},"o":{"x":0.167,"y":0.095},"t":40,"s":[-0.743,-18.5,0],"to":[-0.261,0,0],"ti":[0.369,0,0]},{"i":{"x":0.833,"y":0.875},"o":{"x":0.167,"y":0.22},"t":41,"s":[-2.119,-18.5,0],"to":[-0.369,0,0],"ti":[0.21,0,0]},{"i":{"x":0.833,"y":0.893},"o":{"x":0.167,"y":0.249},"t":42,"s":[-2.958,-18.5,0],"to":[-0.21,0,0],"ti":[0.09,0,0]},{"i":{"x":0.833,"y":0.873},"o":{"x":0.167,"y":0.373},"t":43,"s":[-3.379,-18.5,0],"to":[-0.09,0,0],"ti":[0.01,0,0]},{"i":{"x":0.833,"y":0.378},"o":{"x":0.167,"y":0.243},"t":44,"s":[-3.5,-18.5,0],"to":[-0.01,0,0],"ti":[-0.031,0,0]},{"i":{"x":0.833,"y":0.912},"o":{"x":0.167,"y":0.096},"t":45,"s":[-3.44,-18.5,0],"to":[0.031,0,0],"ti":[-0.532,0,0]},{"i":{"x":0.833,"y":0.833},"o":{"x":0.167,"y":0.177},"t":46,"s":[-3.317,-18.5,0],"to":[0.532,0,0],"ti":[-0.511,0,0]},{"t":61,"s":[-0.25,-18.5,0]}],"ix":2},"a":{"a":0,"k":[0,0,0],"ix":1},"s":{"a":0,"k":[100,100,100],"ix":6}},"ao":0,"shapes":[{"ind":0,"ty":"sh","ix":1,"ks":{"a":0,"k":{"i":[[0,-0.972],[0,0],[0,0],[1.383,-1.374],[2.671,2.652],[0,0],[0,0],[0,0],[-0.594,0.59],[-0.594,-0.589],[0,0],[-0.693,0.687],[-0.693,-0.688],[0,0],[-0.693,0.688],[-0.693,-0.687],[0,0],[-0.692,0.687],[-0.693,-0.688],[0,0],[0,0],[0,0],[0,0],[-0.979,0]],"o":[[0,0],[0,0],[0.05,1.8],[-2.671,2.652],[0,0],[0,0],[0,0],[-0.594,-0.589],[0.593,-0.589],[0,0],[-0.693,-0.688],[0.692,-0.688],[0,0],[-0.693,-0.687],[0.692,-0.687],[0,0],[-0.692,-0.687],[0.693,-0.688],[0,0],[0,0],[0,0],[0,0],[0,-0.972],[0.979,0]],"v":[[9.566,-5.021],[9.566,3.275],[9.557,3.275],[7.563,8.266],[-2.109,8.266],[-3.721,6.665],[-7.364,3.046],[-8.377,2.04],[-8.377,-0.094],[-6.228,-0.094],[-8.914,-2.76],[-8.914,-5.251],[-6.407,-5.251],[-7.84,-6.673],[-7.84,-9.163],[-5.332,-9.163],[-3.9,-7.74],[-3.9,-10.229],[-1.392,-10.229],[2.307,-6.557],[3.086,-5.785],[6.02,-2.87],[6.02,-5.021],[7.793,-6.781]],"c":true},"ix":2},"nm":"Path 1","mn":"ADBE Vector Shape - Group","hd":false},{"ty":"fl","c":{"a":0,"k":[0.10090379902,0.10090379902,0.10090379902,1],"ix":4},"o":{"a":0,"k":100,"ix":5},"r":1,"bm":0,"nm":"Fill 1","mn":"ADBE Vector Graphic - Fill","hd":false}],"ip":0,"op":62,"st":0,"bm":0},{"ddd":0,"ind":4,"ty":3,"nm":"Null 3","sr":1,"ks":{"o":{"a":0,"k":0,"ix":11},"r":{"a":0,"k":0,"ix":10},"p":{"a":0,"k":[37,47,0],"ix":2},"a":{"a":0,"k":[0,0,0],"ix":1},"s":{"a":0,"k":[64,64,100],"ix":6}},"ao":0,"ip":0,"op":62,"st":0,"bm":0},{"ddd":0,"ind":5,"ty":4,"nm":"ray-15","sr":1,"ks":{"o":{"a":1,"k":[{"i":{"x":[0.667],"y":[1]},"o":{"x":[0.167],"y":[0.167]},"t":42,"s":[100]},{"t":50,"s":[0]}],"ix":11},"r":{"a":0,"k":0,"ix":10},"p":{"a":0,"k":[30.6,26.52,0],"ix":2},"a":{"a":0,"k":[0,0,0],"ix":1},"s":{"a":0,"k":[64,64,100],"ix":6}},"ao":0,"shapes":[{"ty":"gr","it":[{"ty":"rc","d":1,"s":{"a":1,"k":[{"i":{"x":[0.667,0.667],"y":[1,1]},"o":{"x":[0.167,0.167],"y":[0.167,0.167]},"t":36,"s":[8,4]},{"t":47,"s":[2,2]}],"ix":2},"p":{"a":1,"k":[{"i":{"x":0.833,"y":0.906},"o":{"x":0.167,"y":0.099},"t":36,"s":[0,0],"to":[0.579,0],"ti":[-1.103,0]},{"i":{"x":0.833,"y":0.906},"o":{"x":0.167,"y":0.104},"t":37,"s":[3.472,0],"to":[1.103,0],"ti":[-0.992,0]},{"i":{"x":0.833,"y":0.907},"o":{"x":0.167,"y":0.105},"t":38,"s":[6.615,0],"to":[0.992,0],"ti":[-0.881,0]},{"i":{"x":0.833,"y":0.908},"o":{"x":0.167,"y":0.105},"t":39,"s":[9.424,0],"to":[0.881,0],"ti":[-0.771,0]},{"i":{"x":0.833,"y":0.909},"o":{"x":0.167,"y":0.106},"t":40,"s":[11.9,0],"to":[0.771,0],"ti":[-0.661,0]},{"i":{"x":0.833,"y":0.91},"o":{"x":0.167,"y":0.108},"t":41,"s":[14.05,0],"to":[0.661,0],"ti":[-0.551,0]},{"i":{"x":0.833,"y":0.912},"o":{"x":0.167,"y":0.11},"t":42,"s":[15.867,0],"to":[0.551,0],"ti":[-0.441,0]},{"i":{"x":0.833,"y":0.915},"o":{"x":0.167,"y":0.113},"t":43,"s":[17.356,0],"to":[0.441,0],"ti":[-0.331,0]},{"i":{"x":0.833,"y":0.921},"o":{"x":0.167,"y":0.118},"t":44,"s":[18.513,0],"to":[0.331,0],"ti":[-0.221,0]},{"i":{"x":0.833,"y":0.934},"o":{"x":0.167,"y":0.132},"t":45,"s":[19.343,0],"to":[0.221,0],"ti":[-0.109,0]},{"i":{"x":0.833,"y":0.951},"o":{"x":0.167,"y":0.2},"t":46,"s":[19.838,0],"to":[0.109,0],"ti":[-0.027,0]},{"i":{"x":0.833,"y":0.833},"o":{"x":0.167,"y":0.167},"t":47,"s":[20,0],"to":[0,0],"ti":[0,0]},{"i":{"x":0.833,"y":0.833},"o":{"x":0.167,"y":0.167},"t":48,"s":[20,0],"to":[0,0],"ti":[0,0]},{"i":{"x":0.833,"y":0.833},"o":{"x":0.167,"y":0.167},"t":49,"s":[20,0],"to":[0,0],"ti":[0,0]},{"i":{"x":0.833,"y":0.833},"o":{"x":0.167,"y":0.167},"t":50,"s":[20,0],"to":[0,0],"ti":[0,0]},{"i":{"x":0.833,"y":0.833},"o":{"x":0.167,"y":0.167},"t":51,"s":[20,0],"to":[0,0],"ti":[0,0]},{"i":{"x":0.833,"y":0.833},"o":{"x":0.167,"y":0.167},"t":52,"s":[20,0],"to":[0,0],"ti":[0,0]},{"i":{"x":0.833,"y":0.833},"o":{"x":0.167,"y":0.167},"t":53,"s":[20,0],"to":[0,0],"ti":[0,0]},{"i":{"x":0.833,"y":0.833},"o":{"x":0.167,"y":0.167},"t":54,"s":[20,0],"to":[0,0],"ti":[0,0]},{"i":{"x":0.833,"y":0.833},"o":{"x":0.167,"y":0.167},"t":55,"s":[20,0],"to":[0,0],"ti":[0,0]},{"i":{"x":0.833,"y":0.833},"o":{"x":0.167,"y":0.167},"t":56,"s":[20,0],"to":[0,0],"ti":[0,0]},{"i":{"x":0.833,"y":0.833},"o":{"x":0.167,"y":0.167},"t":57,"s":[20,0],"to":[0,0],"ti":[0,0]},{"t":58,"s":[20,0]}],"ix":3},"r":{"a":0,"k":10,"ix":4},"nm":"Rectangle Path 1","mn":"ADBE Vector Shape - Rect","hd":false},{"ty":"st","c":{"a":0,"k":[0,0,0,1],"ix":3},"o":{"a":0,"k":100,"ix":4},"w":{"a":0,"k":0,"ix":5},"lc":1,"lj":1,"ml":4,"bm":0,"nm":"Stroke 1","mn":"ADBE Vector Graphic - Stroke","hd":false},{"ty":"fl","c":{"a":0,"k":[0.023714304905,0.218373392143,0.559880514706,1],"ix":4},"o":{"a":0,"k":100,"ix":5},"r":1,"bm":0,"nm":"Fill 1","mn":"ADBE Vector Graphic - Fill","hd":false},{"ty":"tr","p":{"a":0,"k":[0,0],"ix":2},"a":{"a":0,"k":[0,0],"ix":1},"s":{"a":0,"k":[100,100],"ix":3},"r":{"a":0,"k":0,"ix":6},"o":{"a":0,"k":100,"ix":7},"sk":{"a":0,"k":0,"ix":4},"sa":{"a":0,"k":0,"ix":5},"nm":"Transform"}],"nm":"Rectangle 1","np":3,"cix":2,"bm":0,"ix":1,"mn":"ADBE Vector Group","hd":false}],"ip":36,"op":47,"st":19,"bm":0},{"ddd":0,"ind":6,"ty":4,"nm":"ray-14","sr":1,"ks":{"o":{"a":1,"k":[{"i":{"x":[0.667],"y":[1]},"o":{"x":[0.167],"y":[0.167]},"t":42,"s":[100]},{"t":50,"s":[0]}],"ix":11},"r":{"a":0,"k":270,"ix":10},"p":{"a":0,"k":[30.6,26.52,0],"ix":2},"a":{"a":0,"k":[0,0,0],"ix":1},"s":{"a":0,"k":[64,64,100],"ix":6}},"ao":0,"shapes":[{"ty":"gr","it":[{"ty":"rc","d":1,"s":{"a":1,"k":[{"i":{"x":[0.667,0.667],"y":[1,1]},"o":{"x":[0.167,0.167],"y":[0.167,0.167]},"t":36,"s":[8,4]},{"t":47,"s":[2,2]}],"ix":2},"p":{"a":1,"k":[{"i":{"x":0.833,"y":0.906},"o":{"x":0.167,"y":0.099},"t":36,"s":[0,0],"to":[0.579,0],"ti":[-1.103,0]},{"i":{"x":0.833,"y":0.906},"o":{"x":0.167,"y":0.104},"t":37,"s":[3.472,0],"to":[1.103,0],"ti":[-0.992,0]},{"i":{"x":0.833,"y":0.907},"o":{"x":0.167,"y":0.105},"t":38,"s":[6.615,0],"to":[0.992,0],"ti":[-0.881,0]},{"i":{"x":0.833,"y":0.908},"o":{"x":0.167,"y":0.105},"t":39,"s":[9.424,0],"to":[0.881,0],"ti":[-0.771,0]},{"i":{"x":0.833,"y":0.909},"o":{"x":0.167,"y":0.106},"t":40,"s":[11.9,0],"to":[0.771,0],"ti":[-0.661,0]},{"i":{"x":0.833,"y":0.91},"o":{"x":0.167,"y":0.108},"t":41,"s":[14.05,0],"to":[0.661,0],"ti":[-0.551,0]},{"i":{"x":0.833,"y":0.912},"o":{"x":0.167,"y":0.11},"t":42,"s":[15.867,0],"to":[0.551,0],"ti":[-0.441,0]},{"i":{"x":0.833,"y":0.915},"o":{"x":0.167,"y":0.113},"t":43,"s":[17.356,0],"to":[0.441,0],"ti":[-0.331,0]},{"i":{"x":0.833,"y":0.921},"o":{"x":0.167,"y":0.118},"t":44,"s":[18.513,0],"to":[0.331,0],"ti":[-0.221,0]},{"i":{"x":0.833,"y":0.934},"o":{"x":0.167,"y":0.132},"t":45,"s":[19.343,0],"to":[0.221,0],"ti":[-0.109,0]},{"i":{"x":0.833,"y":0.951},"o":{"x":0.167,"y":0.2},"t":46,"s":[19.838,0],"to":[0.109,0],"ti":[-0.027,0]},{"i":{"x":0.833,"y":0.833},"o":{"x":0.167,"y":0.167},"t":47,"s":[20,0],"to":[0,0],"ti":[0,0]},{"i":{"x":0.833,"y":0.833},"o":{"x":0.167,"y":0.167},"t":48,"s":[20,0],"to":[0,0],"ti":[0,0]},{"i":{"x":0.833,"y":0.833},"o":{"x":0.167,"y":0.167},"t":49,"s":[20,0],"to":[0,0],"ti":[0,0]},{"i":{"x":0.833,"y":0.833},"o":{"x":0.167,"y":0.167},"t":50,"s":[20,0],"to":[0,0],"ti":[0,0]},{"i":{"x":0.833,"y":0.833},"o":{"x":0.167,"y":0.167},"t":51,"s":[20,0],"to":[0,0],"ti":[0,0]},{"i":{"x":0.833,"y":0.833},"o":{"x":0.167,"y":0.167},"t":52,"s":[20,0],"to":[0,0],"ti":[0,0]},{"i":{"x":0.833,"y":0.833},"o":{"x":0.167,"y":0.167},"t":53,"s":[20,0],"to":[0,0],"ti":[0,0]},{"i":{"x":0.833,"y":0.833},"o":{"x":0.167,"y":0.167},"t":54,"s":[20,0],"to":[0,0],"ti":[0,0]},{"i":{"x":0.833,"y":0.833},"o":{"x":0.167,"y":0.167},"t":55,"s":[20,0],"to":[0,0],"ti":[0,0]},{"i":{"x":0.833,"y":0.833},"o":{"x":0.167,"y":0.167},"t":56,"s":[20,0],"to":[0,0],"ti":[0,0]},{"i":{"x":0.833,"y":0.833},"o":{"x":0.167,"y":0.167},"t":57,"s":[20,0],"to":[0,0],"ti":[0,0]},{"t":58,"s":[20,0]}],"ix":3},"r":{"a":0,"k":10,"ix":4},"nm":"Rectangle Path 1","mn":"ADBE Vector Shape - Rect","hd":false},{"ty":"st","c":{"a":0,"k":[0,0,0,1],"ix":3},"o":{"a":0,"k":100,"ix":4},"w":{"a":0,"k":0,"ix":5},"lc":1,"lj":1,"ml":4,"bm":0,"nm":"Stroke 1","mn":"ADBE Vector Graphic - Stroke","hd":false},{"ty":"fl","c":{"a":0,"k":[0.023714304905,0.218373392143,0.559880514706,1],"ix":4},"o":{"a":0,"k":100,"ix":5},"r":1,"bm":0,"nm":"Fill 1","mn":"ADBE Vector Graphic - Fill","hd":false},{"ty":"tr","p":{"a":0,"k":[0,0],"ix":2},"a":{"a":0,"k":[0,0],"ix":1},"s":{"a":0,"k":[100,100],"ix":3},"r":{"a":0,"k":0,"ix":6},"o":{"a":0,"k":100,"ix":7},"sk":{"a":0,"k":0,"ix":4},"sa":{"a":0,"k":0,"ix":5},"nm":"Transform"}],"nm":"Rectangle 1","np":3,"cix":2,"bm":0,"ix":1,"mn":"ADBE Vector Group","hd":false}],"ip":36,"op":47,"st":19,"bm":0},{"ddd":0,"ind":7,"ty":4,"nm":"ray-13","sr":1,"ks":{"o":{"a":1,"k":[{"i":{"x":[0.667],"y":[1]},"o":{"x":[0.167],"y":[0.167]},"t":42,"s":[100]},{"t":50,"s":[0]}],"ix":11},"r":{"a":0,"k":315,"ix":10},"p":{"a":0,"k":[30.6,26.52,0],"ix":2},"a":{"a":0,"k":[0,0,0],"ix":1},"s":{"a":0,"k":[64,64,100],"ix":6}},"ao":0,"shapes":[{"ty":"gr","it":[{"ty":"rc","d":1,"s":{"a":1,"k":[{"i":{"x":[0.667,0.667],"y":[1,1]},"o":{"x":[0.167,0.167],"y":[0.167,0.167]},"t":36,"s":[8,4]},{"t":47,"s":[2,2]}],"ix":2},"p":{"a":1,"k":[{"i":{"x":0.833,"y":0.906},"o":{"x":0.167,"y":0.099},"t":36,"s":[0,0],"to":[0.579,0],"ti":[-1.103,0]},{"i":{"x":0.833,"y":0.906},"o":{"x":0.167,"y":0.104},"t":37,"s":[3.472,0],"to":[1.103,0],"ti":[-0.992,0]},{"i":{"x":0.833,"y":0.907},"o":{"x":0.167,"y":0.105},"t":38,"s":[6.615,0],"to":[0.992,0],"ti":[-0.881,0]},{"i":{"x":0.833,"y":0.908},"o":{"x":0.167,"y":0.105},"t":39,"s":[9.424,0],"to":[0.881,0],"ti":[-0.771,0]},{"i":{"x":0.833,"y":0.909},"o":{"x":0.167,"y":0.106},"t":40,"s":[11.9,0],"to":[0.771,0],"ti":[-0.661,0]},{"i":{"x":0.833,"y":0.91},"o":{"x":0.167,"y":0.108},"t":41,"s":[14.05,0],"to":[0.661,0],"ti":[-0.551,0]},{"i":{"x":0.833,"y":0.912},"o":{"x":0.167,"y":0.11},"t":42,"s":[15.867,0],"to":[0.551,0],"ti":[-0.441,0]},{"i":{"x":0.833,"y":0.915},"o":{"x":0.167,"y":0.113},"t":43,"s":[17.356,0],"to":[0.441,0],"ti":[-0.331,0]},{"i":{"x":0.833,"y":0.921},"o":{"x":0.167,"y":0.118},"t":44,"s":[18.513,0],"to":[0.331,0],"ti":[-0.221,0]},{"i":{"x":0.833,"y":0.934},"o":{"x":0.167,"y":0.132},"t":45,"s":[19.343,0],"to":[0.221,0],"ti":[-0.109,0]},{"i":{"x":0.833,"y":0.951},"o":{"x":0.167,"y":0.2},"t":46,"s":[19.838,0],"to":[0.109,0],"ti":[-0.027,0]},{"i":{"x":0.833,"y":0.833},"o":{"x":0.167,"y":0.167},"t":47,"s":[20,0],"to":[0,0],"ti":[0,0]},{"i":{"x":0.833,"y":0.833},"o":{"x":0.167,"y":0.167},"t":48,"s":[20,0],"to":[0,0],"ti":[0,0]},{"i":{"x":0.833,"y":0.833},"o":{"x":0.167,"y":0.167},"t":49,"s":[20,0],"to":[0,0],"ti":[0,0]},{"i":{"x":0.833,"y":0.833},"o":{"x":0.167,"y":0.167},"t":50,"s":[20,0],"to":[0,0],"ti":[0,0]},{"i":{"x":0.833,"y":0.833},"o":{"x":0.167,"y":0.167},"t":51,"s":[20,0],"to":[0,0],"ti":[0,0]},{"i":{"x":0.833,"y":0.833},"o":{"x":0.167,"y":0.167},"t":52,"s":[20,0],"to":[0,0],"ti":[0,0]},{"i":{"x":0.833,"y":0.833},"o":{"x":0.167,"y":0.167},"t":53,"s":[20,0],"to":[0,0],"ti":[0,0]},{"i":{"x":0.833,"y":0.833},"o":{"x":0.167,"y":0.167},"t":54,"s":[20,0],"to":[0,0],"ti":[0,0]},{"i":{"x":0.833,"y":0.833},"o":{"x":0.167,"y":0.167},"t":55,"s":[20,0],"to":[0,0],"ti":[0,0]},{"i":{"x":0.833,"y":0.833},"o":{"x":0.167,"y":0.167},"t":56,"s":[20,0],"to":[0,0],"ti":[0,0]},{"i":{"x":0.833,"y":0.833},"o":{"x":0.167,"y":0.167},"t":57,"s":[20,0],"to":[0,0],"ti":[0,0]},{"t":58,"s":[20,0]}],"ix":3},"r":{"a":0,"k":10,"ix":4},"nm":"Rectangle Path 1","mn":"ADBE Vector Shape - Rect","hd":false},{"ty":"st","c":{"a":0,"k":[0,0,0,1],"ix":3},"o":{"a":0,"k":100,"ix":4},"w":{"a":0,"k":0,"ix":5},"lc":1,"lj":1,"ml":4,"bm":0,"nm":"Stroke 1","mn":"ADBE Vector Graphic - Stroke","hd":false},{"ty":"fl","c":{"a":0,"k":[0.023714304905,0.218373392143,0.559880514706,1],"ix":4},"o":{"a":0,"k":100,"ix":5},"r":1,"bm":0,"nm":"Fill 1","mn":"ADBE Vector Graphic - Fill","hd":false},{"ty":"tr","p":{"a":0,"k":[0,0],"ix":2},"a":{"a":0,"k":[0,0],"ix":1},"s":{"a":0,"k":[100,100],"ix":3},"r":{"a":0,"k":0,"ix":6},"o":{"a":0,"k":100,"ix":7},"sk":{"a":0,"k":0,"ix":4},"sa":{"a":0,"k":0,"ix":5},"nm":"Transform"}],"nm":"Rectangle 1","np":3,"cix":2,"bm":0,"ix":1,"mn":"ADBE Vector Group","hd":false}],"ip":36,"op":47,"st":19,"bm":0},{"ddd":0,"ind":8,"ty":4,"nm":"ray-12","sr":1,"ks":{"o":{"a":1,"k":[{"i":{"x":[0.667],"y":[1]},"o":{"x":[0.167],"y":[0.167]},"t":42,"s":[100]},{"t":50,"s":[0]}],"ix":11},"r":{"a":0,"k":225,"ix":10},"p":{"a":0,"k":[30.6,26.52,0],"ix":2},"a":{"a":0,"k":[0,0,0],"ix":1},"s":{"a":0,"k":[64,64,100],"ix":6}},"ao":0,"shapes":[{"ty":"gr","it":[{"ty":"rc","d":1,"s":{"a":1,"k":[{"i":{"x":[0.667,0.667],"y":[1,1]},"o":{"x":[0.167,0.167],"y":[0.167,0.167]},"t":36,"s":[8,4]},{"t":47,"s":[2,2]}],"ix":2},"p":{"a":1,"k":[{"i":{"x":0.833,"y":0.906},"o":{"x":0.167,"y":0.099},"t":36,"s":[0,0],"to":[0.579,0],"ti":[-1.103,0]},{"i":{"x":0.833,"y":0.906},"o":{"x":0.167,"y":0.104},"t":37,"s":[3.472,0],"to":[1.103,0],"ti":[-0.992,0]},{"i":{"x":0.833,"y":0.907},"o":{"x":0.167,"y":0.105},"t":38,"s":[6.615,0],"to":[0.992,0],"ti":[-0.881,0]},{"i":{"x":0.833,"y":0.908},"o":{"x":0.167,"y":0.105},"t":39,"s":[9.424,0],"to":[0.881,0],"ti":[-0.771,0]},{"i":{"x":0.833,"y":0.909},"o":{"x":0.167,"y":0.106},"t":40,"s":[11.9,0],"to":[0.771,0],"ti":[-0.661,0]},{"i":{"x":0.833,"y":0.91},"o":{"x":0.167,"y":0.108},"t":41,"s":[14.05,0],"to":[0.661,0],"ti":[-0.551,0]},{"i":{"x":0.833,"y":0.912},"o":{"x":0.167,"y":0.11},"t":42,"s":[15.867,0],"to":[0.551,0],"ti":[-0.441,0]},{"i":{"x":0.833,"y":0.915},"o":{"x":0.167,"y":0.113},"t":43,"s":[17.356,0],"to":[0.441,0],"ti":[-0.331,0]},{"i":{"x":0.833,"y":0.921},"o":{"x":0.167,"y":0.118},"t":44,"s":[18.513,0],"to":[0.331,0],"ti":[-0.221,0]},{"i":{"x":0.833,"y":0.934},"o":{"x":0.167,"y":0.132},"t":45,"s":[19.343,0],"to":[0.221,0],"ti":[-0.109,0]},{"i":{"x":0.833,"y":0.951},"o":{"x":0.167,"y":0.2},"t":46,"s":[19.838,0],"to":[0.109,0],"ti":[-0.027,0]},{"i":{"x":0.833,"y":0.833},"o":{"x":0.167,"y":0.167},"t":47,"s":[20,0],"to":[0,0],"ti":[0,0]},{"i":{"x":0.833,"y":0.833},"o":{"x":0.167,"y":0.167},"t":48,"s":[20,0],"to":[0,0],"ti":[0,0]},{"i":{"x":0.833,"y":0.833},"o":{"x":0.167,"y":0.167},"t":49,"s":[20,0],"to":[0,0],"ti":[0,0]},{"i":{"x":0.833,"y":0.833},"o":{"x":0.167,"y":0.167},"t":50,"s":[20,0],"to":[0,0],"ti":[0,0]},{"i":{"x":0.833,"y":0.833},"o":{"x":0.167,"y":0.167},"t":51,"s":[20,0],"to":[0,0],"ti":[0,0]},{"i":{"x":0.833,"y":0.833},"o":{"x":0.167,"y":0.167},"t":52,"s":[20,0],"to":[0,0],"ti":[0,0]},{"i":{"x":0.833,"y":0.833},"o":{"x":0.167,"y":0.167},"t":53,"s":[20,0],"to":[0,0],"ti":[0,0]},{"i":{"x":0.833,"y":0.833},"o":{"x":0.167,"y":0.167},"t":54,"s":[20,0],"to":[0,0],"ti":[0,0]},{"i":{"x":0.833,"y":0.833},"o":{"x":0.167,"y":0.167},"t":55,"s":[20,0],"to":[0,0],"ti":[0,0]},{"i":{"x":0.833,"y":0.833},"o":{"x":0.167,"y":0.167},"t":56,"s":[20,0],"to":[0,0],"ti":[0,0]},{"i":{"x":0.833,"y":0.833},"o":{"x":0.167,"y":0.167},"t":57,"s":[20,0],"to":[0,0],"ti":[0,0]},{"t":58,"s":[20,0]}],"ix":3},"r":{"a":0,"k":10,"ix":4},"nm":"Rectangle Path 1","mn":"ADBE Vector Shape - Rect","hd":false},{"ty":"st","c":{"a":0,"k":[0,0,0,1],"ix":3},"o":{"a":0,"k":100,"ix":4},"w":{"a":0,"k":0,"ix":5},"lc":1,"lj":1,"ml":4,"bm":0,"nm":"Stroke 1","mn":"ADBE Vector Graphic - Stroke","hd":false},{"ty":"fl","c":{"a":0,"k":[0.023714304905,0.218373392143,0.559880514706,1],"ix":4},"o":{"a":0,"k":100,"ix":5},"r":1,"bm":0,"nm":"Fill 1","mn":"ADBE Vector Graphic - Fill","hd":false},{"ty":"tr","p":{"a":0,"k":[0,0],"ix":2},"a":{"a":0,"k":[0,0],"ix":1},"s":{"a":0,"k":[100,100],"ix":3},"r":{"a":0,"k":0,"ix":6},"o":{"a":0,"k":100,"ix":7},"sk":{"a":0,"k":0,"ix":4},"sa":{"a":0,"k":0,"ix":5},"nm":"Transform"}],"nm":"Rectangle 1","np":3,"cix":2,"bm":0,"ix":1,"mn":"ADBE Vector Group","hd":false}],"ip":36,"op":47,"st":19,"bm":0},{"ddd":0,"ind":9,"ty":4,"nm":"ray-11","sr":1,"ks":{"o":{"a":1,"k":[{"i":{"x":[0.667],"y":[1]},"o":{"x":[0.167],"y":[0.167]},"t":30,"s":[100]},{"t":38,"s":[0]}],"ix":11},"r":{"a":0,"k":0,"ix":10},"p":{"a":0,"k":[30.6,26.52,0],"ix":2},"a":{"a":0,"k":[0,0,0],"ix":1},"s":{"a":0,"k":[64,64,100],"ix":6}},"ao":0,"shapes":[{"ty":"gr","it":[{"ty":"rc","d":1,"s":{"a":1,"k":[{"i":{"x":[0.667,0.667],"y":[1,1]},"o":{"x":[0.167,0.167],"y":[0.167,0.167]},"t":24,"s":[8,4]},{"t":35,"s":[2,2]}],"ix":2},"p":{"a":1,"k":[{"i":{"x":0.833,"y":0.906},"o":{"x":0.167,"y":0.099},"t":24,"s":[0,0],"to":[0.579,0],"ti":[-1.103,0]},{"i":{"x":0.833,"y":0.906},"o":{"x":0.167,"y":0.104},"t":25,"s":[3.472,0],"to":[1.103,0],"ti":[-0.992,0]},{"i":{"x":0.833,"y":0.907},"o":{"x":0.167,"y":0.105},"t":26,"s":[6.615,0],"to":[0.992,0],"ti":[-0.881,0]},{"i":{"x":0.833,"y":0.908},"o":{"x":0.167,"y":0.105},"t":27,"s":[9.424,0],"to":[0.881,0],"ti":[-0.771,0]},{"i":{"x":0.833,"y":0.909},"o":{"x":0.167,"y":0.106},"t":28,"s":[11.9,0],"to":[0.771,0],"ti":[-0.661,0]},{"i":{"x":0.833,"y":0.91},"o":{"x":0.167,"y":0.108},"t":29,"s":[14.05,0],"to":[0.661,0],"ti":[-0.551,0]},{"i":{"x":0.833,"y":0.912},"o":{"x":0.167,"y":0.11},"t":30,"s":[15.867,0],"to":[0.551,0],"ti":[-0.441,0]},{"i":{"x":0.833,"y":0.915},"o":{"x":0.167,"y":0.113},"t":31,"s":[17.356,0],"to":[0.441,0],"ti":[-0.331,0]},{"i":{"x":0.833,"y":0.921},"o":{"x":0.167,"y":0.118},"t":32,"s":[18.513,0],"to":[0.331,0],"ti":[-0.221,0]},{"i":{"x":0.833,"y":0.934},"o":{"x":0.167,"y":0.132},"t":33,"s":[19.343,0],"to":[0.221,0],"ti":[-0.109,0]},{"i":{"x":0.833,"y":0.951},"o":{"x":0.167,"y":0.2},"t":34,"s":[19.838,0],"to":[0.109,0],"ti":[-0.027,0]},{"i":{"x":0.833,"y":0.833},"o":{"x":0.167,"y":0.167},"t":35,"s":[20,0],"to":[0,0],"ti":[0,0]},{"i":{"x":0.833,"y":0.833},"o":{"x":0.167,"y":0.167},"t":36,"s":[20,0],"to":[0,0],"ti":[0,0]},{"i":{"x":0.833,"y":0.833},"o":{"x":0.167,"y":0.167},"t":37,"s":[20,0],"to":[0,0],"ti":[0,0]},{"i":{"x":0.833,"y":0.833},"o":{"x":0.167,"y":0.167},"t":38,"s":[20,0],"to":[0,0],"ti":[0,0]},{"i":{"x":0.833,"y":0.833},"o":{"x":0.167,"y":0.167},"t":39,"s":[20,0],"to":[0,0],"ti":[0,0]},{"i":{"x":0.833,"y":0.833},"o":{"x":0.167,"y":0.167},"t":40,"s":[20,0],"to":[0,0],"ti":[0,0]},{"i":{"x":0.833,"y":0.833},"o":{"x":0.167,"y":0.167},"t":41,"s":[20,0],"to":[0,0],"ti":[0,0]},{"i":{"x":0.833,"y":0.833},"o":{"x":0.167,"y":0.167},"t":42,"s":[20,0],"to":[0,0],"ti":[0,0]},{"i":{"x":0.833,"y":0.833},"o":{"x":0.167,"y":0.167},"t":43,"s":[20,0],"to":[0,0],"ti":[0,0]},{"i":{"x":0.833,"y":0.833},"o":{"x":0.167,"y":0.167},"t":44,"s":[20,0],"to":[0,0],"ti":[0,0]},{"i":{"x":0.833,"y":0.833},"o":{"x":0.167,"y":0.167},"t":45,"s":[20,0],"to":[0,0],"ti":[0,0]},{"t":46,"s":[20,0]}],"ix":3},"r":{"a":0,"k":10,"ix":4},"nm":"Rectangle Path 1","mn":"ADBE Vector Shape - Rect","hd":false},{"ty":"st","c":{"a":0,"k":[0,0,0,1],"ix":3},"o":{"a":0,"k":100,"ix":4},"w":{"a":0,"k":0,"ix":5},"lc":1,"lj":1,"ml":4,"bm":0,"nm":"Stroke 1","mn":"ADBE Vector Graphic - Stroke","hd":false},{"ty":"fl","c":{"a":0,"k":[0.023714304905,0.218373392143,0.559880514706,1],"ix":4},"o":{"a":0,"k":100,"ix":5},"r":1,"bm":0,"nm":"Fill 1","mn":"ADBE Vector Graphic - Fill","hd":false},{"ty":"tr","p":{"a":0,"k":[0,0],"ix":2},"a":{"a":0,"k":[0,0],"ix":1},"s":{"a":0,"k":[100,100],"ix":3},"r":{"a":0,"k":0,"ix":6},"o":{"a":0,"k":100,"ix":7},"sk":{"a":0,"k":0,"ix":4},"sa":{"a":0,"k":0,"ix":5},"nm":"Transform"}],"nm":"Rectangle 1","np":3,"cix":2,"bm":0,"ix":1,"mn":"ADBE Vector Group","hd":false}],"ip":24,"op":37,"st":7,"bm":0},{"ddd":0,"ind":10,"ty":4,"nm":"ray-10","sr":1,"ks":{"o":{"a":1,"k":[{"i":{"x":[0.667],"y":[1]},"o":{"x":[0.167],"y":[0.167]},"t":30,"s":[100]},{"t":38,"s":[0]}],"ix":11},"r":{"a":0,"k":270,"ix":10},"p":{"a":0,"k":[30.6,26.52,0],"ix":2},"a":{"a":0,"k":[0,0,0],"ix":1},"s":{"a":0,"k":[64,64,100],"ix":6}},"ao":0,"shapes":[{"ty":"gr","it":[{"ty":"rc","d":1,"s":{"a":1,"k":[{"i":{"x":[0.667,0.667],"y":[1,1]},"o":{"x":[0.167,0.167],"y":[0.167,0.167]},"t":24,"s":[8,4]},{"t":35,"s":[2,2]}],"ix":2},"p":{"a":1,"k":[{"i":{"x":0.833,"y":0.906},"o":{"x":0.167,"y":0.099},"t":24,"s":[0,0],"to":[0.579,0],"ti":[-1.103,0]},{"i":{"x":0.833,"y":0.906},"o":{"x":0.167,"y":0.104},"t":25,"s":[3.472,0],"to":[1.103,0],"ti":[-0.992,0]},{"i":{"x":0.833,"y":0.907},"o":{"x":0.167,"y":0.105},"t":26,"s":[6.615,0],"to":[0.992,0],"ti":[-0.881,0]},{"i":{"x":0.833,"y":0.908},"o":{"x":0.167,"y":0.105},"t":27,"s":[9.424,0],"to":[0.881,0],"ti":[-0.771,0]},{"i":{"x":0.833,"y":0.909},"o":{"x":0.167,"y":0.106},"t":28,"s":[11.9,0],"to":[0.771,0],"ti":[-0.661,0]},{"i":{"x":0.833,"y":0.91},"o":{"x":0.167,"y":0.108},"t":29,"s":[14.05,0],"to":[0.661,0],"ti":[-0.551,0]},{"i":{"x":0.833,"y":0.912},"o":{"x":0.167,"y":0.11},"t":30,"s":[15.867,0],"to":[0.551,0],"ti":[-0.441,0]},{"i":{"x":0.833,"y":0.915},"o":{"x":0.167,"y":0.113},"t":31,"s":[17.356,0],"to":[0.441,0],"ti":[-0.331,0]},{"i":{"x":0.833,"y":0.921},"o":{"x":0.167,"y":0.118},"t":32,"s":[18.513,0],"to":[0.331,0],"ti":[-0.221,0]},{"i":{"x":0.833,"y":0.934},"o":{"x":0.167,"y":0.132},"t":33,"s":[19.343,0],"to":[0.221,0],"ti":[-0.109,0]},{"i":{"x":0.833,"y":0.951},"o":{"x":0.167,"y":0.2},"t":34,"s":[19.838,0],"to":[0.109,0],"ti":[-0.027,0]},{"i":{"x":0.833,"y":0.833},"o":{"x":0.167,"y":0.167},"t":35,"s":[20,0],"to":[0,0],"ti":[0,0]},{"i":{"x":0.833,"y":0.833},"o":{"x":0.167,"y":0.167},"t":36,"s":[20,0],"to":[0,0],"ti":[0,0]},{"i":{"x":0.833,"y":0.833},"o":{"x":0.167,"y":0.167},"t":37,"s":[20,0],"to":[0,0],"ti":[0,0]},{"i":{"x":0.833,"y":0.833},"o":{"x":0.167,"y":0.167},"t":38,"s":[20,0],"to":[0,0],"ti":[0,0]},{"i":{"x":0.833,"y":0.833},"o":{"x":0.167,"y":0.167},"t":39,"s":[20,0],"to":[0,0],"ti":[0,0]},{"i":{"x":0.833,"y":0.833},"o":{"x":0.167,"y":0.167},"t":40,"s":[20,0],"to":[0,0],"ti":[0,0]},{"i":{"x":0.833,"y":0.833},"o":{"x":0.167,"y":0.167},"t":41,"s":[20,0],"to":[0,0],"ti":[0,0]},{"i":{"x":0.833,"y":0.833},"o":{"x":0.167,"y":0.167},"t":42,"s":[20,0],"to":[0,0],"ti":[0,0]},{"i":{"x":0.833,"y":0.833},"o":{"x":0.167,"y":0.167},"t":43,"s":[20,0],"to":[0,0],"ti":[0,0]},{"i":{"x":0.833,"y":0.833},"o":{"x":0.167,"y":0.167},"t":44,"s":[20,0],"to":[0,0],"ti":[0,0]},{"i":{"x":0.833,"y":0.833},"o":{"x":0.167,"y":0.167},"t":45,"s":[20,0],"to":[0,0],"ti":[0,0]},{"t":46,"s":[20,0]}],"ix":3},"r":{"a":0,"k":10,"ix":4},"nm":"Rectangle Path 1","mn":"ADBE Vector Shape - Rect","hd":false},{"ty":"st","c":{"a":0,"k":[0,0,0,1],"ix":3},"o":{"a":0,"k":100,"ix":4},"w":{"a":0,"k":0,"ix":5},"lc":1,"lj":1,"ml":4,"bm":0,"nm":"Stroke 1","mn":"ADBE Vector Graphic - Stroke","hd":false},{"ty":"fl","c":{"a":0,"k":[0.023714304905,0.218373392143,0.559880514706,1],"ix":4},"o":{"a":0,"k":100,"ix":5},"r":1,"bm":0,"nm":"Fill 1","mn":"ADBE Vector Graphic - Fill","hd":false},{"ty":"tr","p":{"a":0,"k":[0,0],"ix":2},"a":{"a":0,"k":[0,0],"ix":1},"s":{"a":0,"k":[100,100],"ix":3},"r":{"a":0,"k":0,"ix":6},"o":{"a":0,"k":100,"ix":7},"sk":{"a":0,"k":0,"ix":4},"sa":{"a":0,"k":0,"ix":5},"nm":"Transform"}],"nm":"Rectangle 1","np":3,"cix":2,"bm":0,"ix":1,"mn":"ADBE Vector Group","hd":false}],"ip":24,"op":37,"st":7,"bm":0},{"ddd":0,"ind":11,"ty":4,"nm":"ray-9","sr":1,"ks":{"o":{"a":1,"k":[{"i":{"x":[0.667],"y":[1]},"o":{"x":[0.167],"y":[0.167]},"t":30,"s":[100]},{"t":38,"s":[0]}],"ix":11},"r":{"a":0,"k":315,"ix":10},"p":{"a":0,"k":[30.6,26.52,0],"ix":2},"a":{"a":0,"k":[0,0,0],"ix":1},"s":{"a":0,"k":[64,64,100],"ix":6}},"ao":0,"shapes":[{"ty":"gr","it":[{"ty":"rc","d":1,"s":{"a":1,"k":[{"i":{"x":[0.667,0.667],"y":[1,1]},"o":{"x":[0.167,0.167],"y":[0.167,0.167]},"t":24,"s":[8,4]},{"t":35,"s":[2,2]}],"ix":2},"p":{"a":1,"k":[{"i":{"x":0.833,"y":0.906},"o":{"x":0.167,"y":0.099},"t":24,"s":[0,0],"to":[0.579,0],"ti":[-1.103,0]},{"i":{"x":0.833,"y":0.906},"o":{"x":0.167,"y":0.104},"t":25,"s":[3.472,0],"to":[1.103,0],"ti":[-0.992,0]},{"i":{"x":0.833,"y":0.907},"o":{"x":0.167,"y":0.105},"t":26,"s":[6.615,0],"to":[0.992,0],"ti":[-0.881,0]},{"i":{"x":0.833,"y":0.908},"o":{"x":0.167,"y":0.105},"t":27,"s":[9.424,0],"to":[0.881,0],"ti":[-0.771,0]},{"i":{"x":0.833,"y":0.909},"o":{"x":0.167,"y":0.106},"t":28,"s":[11.9,0],"to":[0.771,0],"ti":[-0.661,0]},{"i":{"x":0.833,"y":0.91},"o":{"x":0.167,"y":0.108},"t":29,"s":[14.05,0],"to":[0.661,0],"ti":[-0.551,0]},{"i":{"x":0.833,"y":0.912},"o":{"x":0.167,"y":0.11},"t":30,"s":[15.867,0],"to":[0.551,0],"ti":[-0.441,0]},{"i":{"x":0.833,"y":0.915},"o":{"x":0.167,"y":0.113},"t":31,"s":[17.356,0],"to":[0.441,0],"ti":[-0.331,0]},{"i":{"x":0.833,"y":0.921},"o":{"x":0.167,"y":0.118},"t":32,"s":[18.513,0],"to":[0.331,0],"ti":[-0.221,0]},{"i":{"x":0.833,"y":0.934},"o":{"x":0.167,"y":0.132},"t":33,"s":[19.343,0],"to":[0.221,0],"ti":[-0.109,0]},{"i":{"x":0.833,"y":0.951},"o":{"x":0.167,"y":0.2},"t":34,"s":[19.838,0],"to":[0.109,0],"ti":[-0.027,0]},{"i":{"x":0.833,"y":0.833},"o":{"x":0.167,"y":0.167},"t":35,"s":[20,0],"to":[0,0],"ti":[0,0]},{"i":{"x":0.833,"y":0.833},"o":{"x":0.167,"y":0.167},"t":36,"s":[20,0],"to":[0,0],"ti":[0,0]},{"i":{"x":0.833,"y":0.833},"o":{"x":0.167,"y":0.167},"t":37,"s":[20,0],"to":[0,0],"ti":[0,0]},{"i":{"x":0.833,"y":0.833},"o":{"x":0.167,"y":0.167},"t":38,"s":[20,0],"to":[0,0],"ti":[0,0]},{"i":{"x":0.833,"y":0.833},"o":{"x":0.167,"y":0.167},"t":39,"s":[20,0],"to":[0,0],"ti":[0,0]},{"i":{"x":0.833,"y":0.833},"o":{"x":0.167,"y":0.167},"t":40,"s":[20,0],"to":[0,0],"ti":[0,0]},{"i":{"x":0.833,"y":0.833},"o":{"x":0.167,"y":0.167},"t":41,"s":[20,0],"to":[0,0],"ti":[0,0]},{"i":{"x":0.833,"y":0.833},"o":{"x":0.167,"y":0.167},"t":42,"s":[20,0],"to":[0,0],"ti":[0,0]},{"i":{"x":0.833,"y":0.833},"o":{"x":0.167,"y":0.167},"t":43,"s":[20,0],"to":[0,0],"ti":[0,0]},{"i":{"x":0.833,"y":0.833},"o":{"x":0.167,"y":0.167},"t":44,"s":[20,0],"to":[0,0],"ti":[0,0]},{"i":{"x":0.833,"y":0.833},"o":{"x":0.167,"y":0.167},"t":45,"s":[20,0],"to":[0,0],"ti":[0,0]},{"t":46,"s":[20,0]}],"ix":3},"r":{"a":0,"k":10,"ix":4},"nm":"Rectangle Path 1","mn":"ADBE Vector Shape - Rect","hd":false},{"ty":"st","c":{"a":0,"k":[0,0,0,1],"ix":3},"o":{"a":0,"k":100,"ix":4},"w":{"a":0,"k":0,"ix":5},"lc":1,"lj":1,"ml":4,"bm":0,"nm":"Stroke 1","mn":"ADBE Vector Graphic - Stroke","hd":false},{"ty":"fl","c":{"a":0,"k":[0.023714304905,0.218373392143,0.559880514706,1],"ix":4},"o":{"a":0,"k":100,"ix":5},"r":1,"bm":0,"nm":"Fill 1","mn":"ADBE Vector Graphic - Fill","hd":false},{"ty":"tr","p":{"a":0,"k":[0,0],"ix":2},"a":{"a":0,"k":[0,0],"ix":1},"s":{"a":0,"k":[100,100],"ix":3},"r":{"a":0,"k":0,"ix":6},"o":{"a":0,"k":100,"ix":7},"sk":{"a":0,"k":0,"ix":4},"sa":{"a":0,"k":0,"ix":5},"nm":"Transform"}],"nm":"Rectangle 1","np":3,"cix":2,"bm":0,"ix":1,"mn":"ADBE Vector Group","hd":false}],"ip":24,"op":37,"st":7,"bm":0},{"ddd":0,"ind":12,"ty":4,"nm":"ray-8","sr":1,"ks":{"o":{"a":1,"k":[{"i":{"x":[0.667],"y":[1]},"o":{"x":[0.167],"y":[0.167]},"t":30,"s":[100]},{"t":38,"s":[0]}],"ix":11},"r":{"a":0,"k":225,"ix":10},"p":{"a":0,"k":[30.6,26.52,0],"ix":2},"a":{"a":0,"k":[0,0,0],"ix":1},"s":{"a":0,"k":[64,64,100],"ix":6}},"ao":0,"shapes":[{"ty":"gr","it":[{"ty":"rc","d":1,"s":{"a":1,"k":[{"i":{"x":[0.667,0.667],"y":[1,1]},"o":{"x":[0.167,0.167],"y":[0.167,0.167]},"t":24,"s":[8,4]},{"t":35,"s":[2,2]}],"ix":2},"p":{"a":1,"k":[{"i":{"x":0.833,"y":0.906},"o":{"x":0.167,"y":0.099},"t":24,"s":[0,0],"to":[0.579,0],"ti":[-1.103,0]},{"i":{"x":0.833,"y":0.906},"o":{"x":0.167,"y":0.104},"t":25,"s":[3.472,0],"to":[1.103,0],"ti":[-0.992,0]},{"i":{"x":0.833,"y":0.907},"o":{"x":0.167,"y":0.105},"t":26,"s":[6.615,0],"to":[0.992,0],"ti":[-0.881,0]},{"i":{"x":0.833,"y":0.908},"o":{"x":0.167,"y":0.105},"t":27,"s":[9.424,0],"to":[0.881,0],"ti":[-0.771,0]},{"i":{"x":0.833,"y":0.909},"o":{"x":0.167,"y":0.106},"t":28,"s":[11.9,0],"to":[0.771,0],"ti":[-0.661,0]},{"i":{"x":0.833,"y":0.91},"o":{"x":0.167,"y":0.108},"t":29,"s":[14.05,0],"to":[0.661,0],"ti":[-0.551,0]},{"i":{"x":0.833,"y":0.912},"o":{"x":0.167,"y":0.11},"t":30,"s":[15.867,0],"to":[0.551,0],"ti":[-0.441,0]},{"i":{"x":0.833,"y":0.915},"o":{"x":0.167,"y":0.113},"t":31,"s":[17.356,0],"to":[0.441,0],"ti":[-0.331,0]},{"i":{"x":0.833,"y":0.921},"o":{"x":0.167,"y":0.118},"t":32,"s":[18.513,0],"to":[0.331,0],"ti":[-0.221,0]},{"i":{"x":0.833,"y":0.934},"o":{"x":0.167,"y":0.132},"t":33,"s":[19.343,0],"to":[0.221,0],"ti":[-0.109,0]},{"i":{"x":0.833,"y":0.951},"o":{"x":0.167,"y":0.2},"t":34,"s":[19.838,0],"to":[0.109,0],"ti":[-0.027,0]},{"i":{"x":0.833,"y":0.833},"o":{"x":0.167,"y":0.167},"t":35,"s":[20,0],"to":[0,0],"ti":[0,0]},{"i":{"x":0.833,"y":0.833},"o":{"x":0.167,"y":0.167},"t":36,"s":[20,0],"to":[0,0],"ti":[0,0]},{"i":{"x":0.833,"y":0.833},"o":{"x":0.167,"y":0.167},"t":37,"s":[20,0],"to":[0,0],"ti":[0,0]},{"i":{"x":0.833,"y":0.833},"o":{"x":0.167,"y":0.167},"t":38,"s":[20,0],"to":[0,0],"ti":[0,0]},{"i":{"x":0.833,"y":0.833},"o":{"x":0.167,"y":0.167},"t":39,"s":[20,0],"to":[0,0],"ti":[0,0]},{"i":{"x":0.833,"y":0.833},"o":{"x":0.167,"y":0.167},"t":40,"s":[20,0],"to":[0,0],"ti":[0,0]},{"i":{"x":0.833,"y":0.833},"o":{"x":0.167,"y":0.167},"t":41,"s":[20,0],"to":[0,0],"ti":[0,0]},{"i":{"x":0.833,"y":0.833},"o":{"x":0.167,"y":0.167},"t":42,"s":[20,0],"to":[0,0],"ti":[0,0]},{"i":{"x":0.833,"y":0.833},"o":{"x":0.167,"y":0.167},"t":43,"s":[20,0],"to":[0,0],"ti":[0,0]},{"i":{"x":0.833,"y":0.833},"o":{"x":0.167,"y":0.167},"t":44,"s":[20,0],"to":[0,0],"ti":[0,0]},{"i":{"x":0.833,"y":0.833},"o":{"x":0.167,"y":0.167},"t":45,"s":[20,0],"to":[0,0],"ti":[0,0]},{"t":46,"s":[20,0]}],"ix":3},"r":{"a":0,"k":10,"ix":4},"nm":"Rectangle Path 1","mn":"ADBE Vector Shape - Rect","hd":false},{"ty":"st","c":{"a":0,"k":[0,0,0,1],"ix":3},"o":{"a":0,"k":100,"ix":4},"w":{"a":0,"k":0,"ix":5},"lc":1,"lj":1,"ml":4,"bm":0,"nm":"Stroke 1","mn":"ADBE Vector Graphic - Stroke","hd":false},{"ty":"fl","c":{"a":0,"k":[0.023714304905,0.218373392143,0.559880514706,1],"ix":4},"o":{"a":0,"k":100,"ix":5},"r":1,"bm":0,"nm":"Fill 1","mn":"ADBE Vector Graphic - Fill","hd":false},{"ty":"tr","p":{"a":0,"k":[0,0],"ix":2},"a":{"a":0,"k":[0,0],"ix":1},"s":{"a":0,"k":[100,100],"ix":3},"r":{"a":0,"k":0,"ix":6},"o":{"a":0,"k":100,"ix":7},"sk":{"a":0,"k":0,"ix":4},"sa":{"a":0,"k":0,"ix":5},"nm":"Transform"}],"nm":"Rectangle 1","np":3,"cix":2,"bm":0,"ix":1,"mn":"ADBE Vector Group","hd":false}],"ip":24,"op":37,"st":7,"bm":0},{"ddd":0,"ind":13,"ty":4,"nm":"ray-1","parent":4,"sr":1,"ks":{"o":{"a":1,"k":[{"i":{"x":[0.667],"y":[1]},"o":{"x":[0.167],"y":[0.167]},"t":15,"s":[100]},{"t":23,"s":[0]}],"ix":11},"r":{"a":0,"k":0,"ix":10},"p":{"a":0,"k":[-10,-32,0],"ix":2},"a":{"a":0,"k":[0,0,0],"ix":1},"s":{"a":0,"k":[100,100,100],"ix":6}},"ao":0,"shapes":[{"ty":"gr","it":[{"ty":"rc","d":1,"s":{"a":1,"k":[{"i":{"x":[0.667,0.667],"y":[1,1]},"o":{"x":[0.167,0.167],"y":[0.167,0.167]},"t":9,"s":[8,4]},{"t":20,"s":[2,2]}],"ix":2},"p":{"a":1,"k":[{"i":{"x":0.833,"y":0.906},"o":{"x":0.167,"y":0.099},"t":9,"s":[0,0],"to":[0.579,0],"ti":[-1.103,0]},{"i":{"x":0.833,"y":0.906},"o":{"x":0.167,"y":0.104},"t":10,"s":[3.472,0],"to":[1.103,0],"ti":[-0.992,0]},{"i":{"x":0.833,"y":0.907},"o":{"x":0.167,"y":0.105},"t":11,"s":[6.615,0],"to":[0.992,0],"ti":[-0.881,0]},{"i":{"x":0.833,"y":0.908},"o":{"x":0.167,"y":0.105},"t":12,"s":[9.424,0],"to":[0.881,0],"ti":[-0.771,0]},{"i":{"x":0.833,"y":0.909},"o":{"x":0.167,"y":0.106},"t":13,"s":[11.9,0],"to":[0.771,0],"ti":[-0.661,0]},{"i":{"x":0.833,"y":0.91},"o":{"x":0.167,"y":0.108},"t":14,"s":[14.05,0],"to":[0.661,0],"ti":[-0.551,0]},{"i":{"x":0.833,"y":0.912},"o":{"x":0.167,"y":0.11},"t":15,"s":[15.867,0],"to":[0.551,0],"ti":[-0.441,0]},{"i":{"x":0.833,"y":0.915},"o":{"x":0.167,"y":0.113},"t":16,"s":[17.356,0],"to":[0.441,0],"ti":[-0.331,0]},{"i":{"x":0.833,"y":0.921},"o":{"x":0.167,"y":0.118},"t":17,"s":[18.513,0],"to":[0.331,0],"ti":[-0.221,0]},{"i":{"x":0.833,"y":0.934},"o":{"x":0.167,"y":0.132},"t":18,"s":[19.343,0],"to":[0.221,0],"ti":[-0.109,0]},{"i":{"x":0.833,"y":0.951},"o":{"x":0.167,"y":0.2},"t":19,"s":[19.838,0],"to":[0.109,0],"ti":[-0.027,0]},{"i":{"x":0.833,"y":0.833},"o":{"x":0.167,"y":0.167},"t":20,"s":[20,0],"to":[0,0],"ti":[0,0]},{"i":{"x":0.833,"y":0.833},"o":{"x":0.167,"y":0.167},"t":21,"s":[20,0],"to":[0,0],"ti":[0,0]},{"i":{"x":0.833,"y":0.833},"o":{"x":0.167,"y":0.167},"t":22,"s":[20,0],"to":[0,0],"ti":[0,0]},{"i":{"x":0.833,"y":0.833},"o":{"x":0.167,"y":0.167},"t":23,"s":[20,0],"to":[0,0],"ti":[0,0]},{"i":{"x":0.833,"y":0.833},"o":{"x":0.167,"y":0.167},"t":24,"s":[20,0],"to":[0,0],"ti":[0,0]},{"i":{"x":0.833,"y":0.833},"o":{"x":0.167,"y":0.167},"t":25,"s":[20,0],"to":[0,0],"ti":[0,0]},{"i":{"x":0.833,"y":0.833},"o":{"x":0.167,"y":0.167},"t":26,"s":[20,0],"to":[0,0],"ti":[0,0]},{"i":{"x":0.833,"y":0.833},"o":{"x":0.167,"y":0.167},"t":27,"s":[20,0],"to":[0,0],"ti":[0,0]},{"i":{"x":0.833,"y":0.833},"o":{"x":0.167,"y":0.167},"t":28,"s":[20,0],"to":[0,0],"ti":[0,0]},{"i":{"x":0.833,"y":0.833},"o":{"x":0.167,"y":0.167},"t":29,"s":[20,0],"to":[0,0],"ti":[0,0]},{"i":{"x":0.833,"y":0.833},"o":{"x":0.167,"y":0.167},"t":30,"s":[20,0],"to":[0,0],"ti":[0,0]},{"t":31,"s":[20,0]}],"ix":3},"r":{"a":0,"k":10,"ix":4},"nm":"Rectangle Path 1","mn":"ADBE Vector Shape - Rect","hd":false},{"ty":"st","c":{"a":0,"k":[0,0,0,1],"ix":3},"o":{"a":0,"k":100,"ix":4},"w":{"a":0,"k":0,"ix":5},"lc":1,"lj":1,"ml":4,"bm":0,"nm":"Stroke 1","mn":"ADBE Vector Graphic - Stroke","hd":false},{"ty":"fl","c":{"a":0,"k":[0.023714304905,0.218373392143,0.559880514706,1],"ix":4},"o":{"a":0,"k":100,"ix":5},"r":1,"bm":0,"nm":"Fill 1","mn":"ADBE Vector Graphic - Fill","hd":false},{"ty":"tr","p":{"a":0,"k":[0,0],"ix":2},"a":{"a":0,"k":[0,0],"ix":1},"s":{"a":0,"k":[100,100],"ix":3},"r":{"a":0,"k":0,"ix":6},"o":{"a":0,"k":100,"ix":7},"sk":{"a":0,"k":0,"ix":4},"sa":{"a":0,"k":0,"ix":5},"nm":"Transform"}],"nm":"Rectangle 1","np":3,"cix":2,"bm":0,"ix":1,"mn":"ADBE Vector Group","hd":false}],"ip":9,"op":23,"st":-8,"bm":0},{"ddd":0,"ind":14,"ty":4,"nm":"ray-4","parent":4,"sr":1,"ks":{"o":{"a":1,"k":[{"i":{"x":[0.667],"y":[1]},"o":{"x":[0.167],"y":[0.167]},"t":15,"s":[100]},{"t":23,"s":[0]}],"ix":11},"r":{"a":0,"k":270,"ix":10},"p":{"a":0,"k":[-10,-32,0],"ix":2},"a":{"a":0,"k":[0,0,0],"ix":1},"s":{"a":0,"k":[100,100,100],"ix":6}},"ao":0,"shapes":[{"ty":"gr","it":[{"ty":"rc","d":1,"s":{"a":1,"k":[{"i":{"x":[0.667,0.667],"y":[1,1]},"o":{"x":[0.167,0.167],"y":[0.167,0.167]},"t":9,"s":[8,4]},{"t":20,"s":[2,2]}],"ix":2},"p":{"a":1,"k":[{"i":{"x":0.833,"y":0.906},"o":{"x":0.167,"y":0.099},"t":9,"s":[0,0],"to":[0.579,0],"ti":[-1.103,0]},{"i":{"x":0.833,"y":0.906},"o":{"x":0.167,"y":0.104},"t":10,"s":[3.472,0],"to":[1.103,0],"ti":[-0.992,0]},{"i":{"x":0.833,"y":0.907},"o":{"x":0.167,"y":0.105},"t":11,"s":[6.615,0],"to":[0.992,0],"ti":[-0.881,0]},{"i":{"x":0.833,"y":0.908},"o":{"x":0.167,"y":0.105},"t":12,"s":[9.424,0],"to":[0.881,0],"ti":[-0.771,0]},{"i":{"x":0.833,"y":0.909},"o":{"x":0.167,"y":0.106},"t":13,"s":[11.9,0],"to":[0.771,0],"ti":[-0.661,0]},{"i":{"x":0.833,"y":0.91},"o":{"x":0.167,"y":0.108},"t":14,"s":[14.05,0],"to":[0.661,0],"ti":[-0.551,0]},{"i":{"x":0.833,"y":0.912},"o":{"x":0.167,"y":0.11},"t":15,"s":[15.867,0],"to":[0.551,0],"ti":[-0.441,0]},{"i":{"x":0.833,"y":0.915},"o":{"x":0.167,"y":0.113},"t":16,"s":[17.356,0],"to":[0.441,0],"ti":[-0.331,0]},{"i":{"x":0.833,"y":0.921},"o":{"x":0.167,"y":0.118},"t":17,"s":[18.513,0],"to":[0.331,0],"ti":[-0.221,0]},{"i":{"x":0.833,"y":0.934},"o":{"x":0.167,"y":0.132},"t":18,"s":[19.343,0],"to":[0.221,0],"ti":[-0.109,0]},{"i":{"x":0.833,"y":0.951},"o":{"x":0.167,"y":0.2},"t":19,"s":[19.838,0],"to":[0.109,0],"ti":[-0.027,0]},{"i":{"x":0.833,"y":0.833},"o":{"x":0.167,"y":0.167},"t":20,"s":[20,0],"to":[0,0],"ti":[0,0]},{"i":{"x":0.833,"y":0.833},"o":{"x":0.167,"y":0.167},"t":21,"s":[20,0],"to":[0,0],"ti":[0,0]},{"i":{"x":0.833,"y":0.833},"o":{"x":0.167,"y":0.167},"t":22,"s":[20,0],"to":[0,0],"ti":[0,0]},{"i":{"x":0.833,"y":0.833},"o":{"x":0.167,"y":0.167},"t":23,"s":[20,0],"to":[0,0],"ti":[0,0]},{"i":{"x":0.833,"y":0.833},"o":{"x":0.167,"y":0.167},"t":24,"s":[20,0],"to":[0,0],"ti":[0,0]},{"i":{"x":0.833,"y":0.833},"o":{"x":0.167,"y":0.167},"t":25,"s":[20,0],"to":[0,0],"ti":[0,0]},{"i":{"x":0.833,"y":0.833},"o":{"x":0.167,"y":0.167},"t":26,"s":[20,0],"to":[0,0],"ti":[0,0]},{"i":{"x":0.833,"y":0.833},"o":{"x":0.167,"y":0.167},"t":27,"s":[20,0],"to":[0,0],"ti":[0,0]},{"i":{"x":0.833,"y":0.833},"o":{"x":0.167,"y":0.167},"t":28,"s":[20,0],"to":[0,0],"ti":[0,0]},{"i":{"x":0.833,"y":0.833},"o":{"x":0.167,"y":0.167},"t":29,"s":[20,0],"to":[0,0],"ti":[0,0]},{"i":{"x":0.833,"y":0.833},"o":{"x":0.167,"y":0.167},"t":30,"s":[20,0],"to":[0,0],"ti":[0,0]},{"t":31,"s":[20,0]}],"ix":3},"r":{"a":0,"k":10,"ix":4},"nm":"Rectangle Path 1","mn":"ADBE Vector Shape - Rect","hd":false},{"ty":"st","c":{"a":0,"k":[0,0,0,1],"ix":3},"o":{"a":0,"k":100,"ix":4},"w":{"a":0,"k":0,"ix":5},"lc":1,"lj":1,"ml":4,"bm":0,"nm":"Stroke 1","mn":"ADBE Vector Graphic - Stroke","hd":false},{"ty":"fl","c":{"a":0,"k":[0.023714304905,0.218373392143,0.559880514706,1],"ix":4},"o":{"a":0,"k":100,"ix":5},"r":1,"bm":0,"nm":"Fill 1","mn":"ADBE Vector Graphic - Fill","hd":false},{"ty":"tr","p":{"a":0,"k":[0,0],"ix":2},"a":{"a":0,"k":[0,0],"ix":1},"s":{"a":0,"k":[100,100],"ix":3},"r":{"a":0,"k":0,"ix":6},"o":{"a":0,"k":100,"ix":7},"sk":{"a":0,"k":0,"ix":4},"sa":{"a":0,"k":0,"ix":5},"nm":"Transform"}],"nm":"Rectangle 1","np":3,"cix":2,"bm":0,"ix":1,"mn":"ADBE Vector Group","hd":false}],"ip":9,"op":23,"st":-8,"bm":0},{"ddd":0,"ind":15,"ty":4,"nm":"ray-5","parent":4,"sr":1,"ks":{"o":{"a":1,"k":[{"i":{"x":[0.667],"y":[1]},"o":{"x":[0.167],"y":[0.167]},"t":15,"s":[100]},{"t":23,"s":[0]}],"ix":11},"r":{"a":0,"k":315,"ix":10},"p":{"a":0,"k":[-10,-32,0],"ix":2},"a":{"a":0,"k":[0,0,0],"ix":1},"s":{"a":0,"k":[100,100,100],"ix":6}},"ao":0,"shapes":[{"ty":"gr","it":[{"ty":"rc","d":1,"s":{"a":1,"k":[{"i":{"x":[0.667,0.667],"y":[1,1]},"o":{"x":[0.167,0.167],"y":[0.167,0.167]},"t":9,"s":[8,4]},{"t":20,"s":[2,2]}],"ix":2},"p":{"a":1,"k":[{"i":{"x":0.833,"y":0.906},"o":{"x":0.167,"y":0.099},"t":9,"s":[0,0],"to":[0.579,0],"ti":[-1.103,0]},{"i":{"x":0.833,"y":0.906},"o":{"x":0.167,"y":0.104},"t":10,"s":[3.472,0],"to":[1.103,0],"ti":[-0.992,0]},{"i":{"x":0.833,"y":0.907},"o":{"x":0.167,"y":0.105},"t":11,"s":[6.615,0],"to":[0.992,0],"ti":[-0.881,0]},{"i":{"x":0.833,"y":0.908},"o":{"x":0.167,"y":0.105},"t":12,"s":[9.424,0],"to":[0.881,0],"ti":[-0.771,0]},{"i":{"x":0.833,"y":0.909},"o":{"x":0.167,"y":0.106},"t":13,"s":[11.9,0],"to":[0.771,0],"ti":[-0.661,0]},{"i":{"x":0.833,"y":0.91},"o":{"x":0.167,"y":0.108},"t":14,"s":[14.05,0],"to":[0.661,0],"ti":[-0.551,0]},{"i":{"x":0.833,"y":0.912},"o":{"x":0.167,"y":0.11},"t":15,"s":[15.867,0],"to":[0.551,0],"ti":[-0.441,0]},{"i":{"x":0.833,"y":0.915},"o":{"x":0.167,"y":0.113},"t":16,"s":[17.356,0],"to":[0.441,0],"ti":[-0.331,0]},{"i":{"x":0.833,"y":0.921},"o":{"x":0.167,"y":0.118},"t":17,"s":[18.513,0],"to":[0.331,0],"ti":[-0.221,0]},{"i":{"x":0.833,"y":0.934},"o":{"x":0.167,"y":0.132},"t":18,"s":[19.343,0],"to":[0.221,0],"ti":[-0.109,0]},{"i":{"x":0.833,"y":0.951},"o":{"x":0.167,"y":0.2},"t":19,"s":[19.838,0],"to":[0.109,0],"ti":[-0.027,0]},{"i":{"x":0.833,"y":0.833},"o":{"x":0.167,"y":0.167},"t":20,"s":[20,0],"to":[0,0],"ti":[0,0]},{"i":{"x":0.833,"y":0.833},"o":{"x":0.167,"y":0.167},"t":21,"s":[20,0],"to":[0,0],"ti":[0,0]},{"i":{"x":0.833,"y":0.833},"o":{"x":0.167,"y":0.167},"t":22,"s":[20,0],"to":[0,0],"ti":[0,0]},{"i":{"x":0.833,"y":0.833},"o":{"x":0.167,"y":0.167},"t":23,"s":[20,0],"to":[0,0],"ti":[0,0]},{"i":{"x":0.833,"y":0.833},"o":{"x":0.167,"y":0.167},"t":24,"s":[20,0],"to":[0,0],"ti":[0,0]},{"i":{"x":0.833,"y":0.833},"o":{"x":0.167,"y":0.167},"t":25,"s":[20,0],"to":[0,0],"ti":[0,0]},{"i":{"x":0.833,"y":0.833},"o":{"x":0.167,"y":0.167},"t":26,"s":[20,0],"to":[0,0],"ti":[0,0]},{"i":{"x":0.833,"y":0.833},"o":{"x":0.167,"y":0.167},"t":27,"s":[20,0],"to":[0,0],"ti":[0,0]},{"i":{"x":0.833,"y":0.833},"o":{"x":0.167,"y":0.167},"t":28,"s":[20,0],"to":[0,0],"ti":[0,0]},{"i":{"x":0.833,"y":0.833},"o":{"x":0.167,"y":0.167},"t":29,"s":[20,0],"to":[0,0],"ti":[0,0]},{"i":{"x":0.833,"y":0.833},"o":{"x":0.167,"y":0.167},"t":30,"s":[20,0],"to":[0,0],"ti":[0,0]},{"t":31,"s":[20,0]}],"ix":3},"r":{"a":0,"k":10,"ix":4},"nm":"Rectangle Path 1","mn":"ADBE Vector Shape - Rect","hd":false},{"ty":"st","c":{"a":0,"k":[0,0,0,1],"ix":3},"o":{"a":0,"k":100,"ix":4},"w":{"a":0,"k":0,"ix":5},"lc":1,"lj":1,"ml":4,"bm":0,"nm":"Stroke 1","mn":"ADBE Vector Graphic - Stroke","hd":false},{"ty":"fl","c":{"a":0,"k":[0.023714304905,0.218373392143,0.559880514706,1],"ix":4},"o":{"a":0,"k":100,"ix":5},"r":1,"bm":0,"nm":"Fill 1","mn":"ADBE Vector Graphic - Fill","hd":false},{"ty":"tr","p":{"a":0,"k":[0,0],"ix":2},"a":{"a":0,"k":[0,0],"ix":1},"s":{"a":0,"k":[100,100],"ix":3},"r":{"a":0,"k":0,"ix":6},"o":{"a":0,"k":100,"ix":7},"sk":{"a":0,"k":0,"ix":4},"sa":{"a":0,"k":0,"ix":5},"nm":"Transform"}],"nm":"Rectangle 1","np":3,"cix":2,"bm":0,"ix":1,"mn":"ADBE Vector Group","hd":false}],"ip":9,"op":23,"st":-8,"bm":0},{"ddd":0,"ind":16,"ty":4,"nm":"ray-7","parent":4,"sr":1,"ks":{"o":{"a":1,"k":[{"i":{"x":[0.667],"y":[1]},"o":{"x":[0.167],"y":[0.167]},"t":15,"s":[100]},{"t":23,"s":[0]}],"ix":11},"r":{"a":0,"k":225,"ix":10},"p":{"a":0,"k":[-10,-32,0],"ix":2},"a":{"a":0,"k":[0,0,0],"ix":1},"s":{"a":0,"k":[100,100,100],"ix":6}},"ao":0,"shapes":[{"ty":"gr","it":[{"ty":"rc","d":1,"s":{"a":1,"k":[{"i":{"x":[0.667,0.667],"y":[1,1]},"o":{"x":[0.167,0.167],"y":[0.167,0.167]},"t":9,"s":[8,4]},{"t":20,"s":[2,2]}],"ix":2},"p":{"a":1,"k":[{"i":{"x":0.833,"y":0.906},"o":{"x":0.167,"y":0.099},"t":9,"s":[0,0],"to":[0.579,0],"ti":[-1.103,0]},{"i":{"x":0.833,"y":0.906},"o":{"x":0.167,"y":0.104},"t":10,"s":[3.472,0],"to":[1.103,0],"ti":[-0.992,0]},{"i":{"x":0.833,"y":0.907},"o":{"x":0.167,"y":0.105},"t":11,"s":[6.615,0],"to":[0.992,0],"ti":[-0.881,0]},{"i":{"x":0.833,"y":0.908},"o":{"x":0.167,"y":0.105},"t":12,"s":[9.424,0],"to":[0.881,0],"ti":[-0.771,0]},{"i":{"x":0.833,"y":0.909},"o":{"x":0.167,"y":0.106},"t":13,"s":[11.9,0],"to":[0.771,0],"ti":[-0.661,0]},{"i":{"x":0.833,"y":0.91},"o":{"x":0.167,"y":0.108},"t":14,"s":[14.05,0],"to":[0.661,0],"ti":[-0.551,0]},{"i":{"x":0.833,"y":0.912},"o":{"x":0.167,"y":0.11},"t":15,"s":[15.867,0],"to":[0.551,0],"ti":[-0.441,0]},{"i":{"x":0.833,"y":0.915},"o":{"x":0.167,"y":0.113},"t":16,"s":[17.356,0],"to":[0.441,0],"ti":[-0.331,0]},{"i":{"x":0.833,"y":0.921},"o":{"x":0.167,"y":0.118},"t":17,"s":[18.513,0],"to":[0.331,0],"ti":[-0.221,0]},{"i":{"x":0.833,"y":0.934},"o":{"x":0.167,"y":0.132},"t":18,"s":[19.343,0],"to":[0.221,0],"ti":[-0.109,0]},{"i":{"x":0.833,"y":0.951},"o":{"x":0.167,"y":0.2},"t":19,"s":[19.838,0],"to":[0.109,0],"ti":[-0.027,0]},{"i":{"x":0.833,"y":0.833},"o":{"x":0.167,"y":0.167},"t":20,"s":[20,0],"to":[0,0],"ti":[0,0]},{"i":{"x":0.833,"y":0.833},"o":{"x":0.167,"y":0.167},"t":21,"s":[20,0],"to":[0,0],"ti":[0,0]},{"i":{"x":0.833,"y":0.833},"o":{"x":0.167,"y":0.167},"t":22,"s":[20,0],"to":[0,0],"ti":[0,0]},{"i":{"x":0.833,"y":0.833},"o":{"x":0.167,"y":0.167},"t":23,"s":[20,0],"to":[0,0],"ti":[0,0]},{"i":{"x":0.833,"y":0.833},"o":{"x":0.167,"y":0.167},"t":24,"s":[20,0],"to":[0,0],"ti":[0,0]},{"i":{"x":0.833,"y":0.833},"o":{"x":0.167,"y":0.167},"t":25,"s":[20,0],"to":[0,0],"ti":[0,0]},{"i":{"x":0.833,"y":0.833},"o":{"x":0.167,"y":0.167},"t":26,"s":[20,0],"to":[0,0],"ti":[0,0]},{"i":{"x":0.833,"y":0.833},"o":{"x":0.167,"y":0.167},"t":27,"s":[20,0],"to":[0,0],"ti":[0,0]},{"i":{"x":0.833,"y":0.833},"o":{"x":0.167,"y":0.167},"t":28,"s":[20,0],"to":[0,0],"ti":[0,0]},{"i":{"x":0.833,"y":0.833},"o":{"x":0.167,"y":0.167},"t":29,"s":[20,0],"to":[0,0],"ti":[0,0]},{"i":{"x":0.833,"y":0.833},"o":{"x":0.167,"y":0.167},"t":30,"s":[20,0],"to":[0,0],"ti":[0,0]},{"t":31,"s":[20,0]}],"ix":3},"r":{"a":0,"k":10,"ix":4},"nm":"Rectangle Path 1","mn":"ADBE Vector Shape - Rect","hd":false},{"ty":"st","c":{"a":0,"k":[0,0,0,1],"ix":3},"o":{"a":0,"k":100,"ix":4},"w":{"a":0,"k":0,"ix":5},"lc":1,"lj":1,"ml":4,"bm":0,"nm":"Stroke 1","mn":"ADBE Vector Graphic - Stroke","hd":false},{"ty":"fl","c":{"a":0,"k":[0.023714304905,0.218373392143,0.559880514706,1],"ix":4},"o":{"a":0,"k":100,"ix":5},"r":1,"bm":0,"nm":"Fill 1","mn":"ADBE Vector Graphic - Fill","hd":false},{"ty":"tr","p":{"a":0,"k":[0,0],"ix":2},"a":{"a":0,"k":[0,0],"ix":1},"s":{"a":0,"k":[100,100],"ix":3},"r":{"a":0,"k":0,"ix":6},"o":{"a":0,"k":100,"ix":7},"sk":{"a":0,"k":0,"ix":4},"sa":{"a":0,"k":0,"ix":5},"nm":"Transform"}],"nm":"Rectangle 1","np":3,"cix":2,"bm":0,"ix":1,"mn":"ADBE Vector Group","hd":false}],"ip":9,"op":23,"st":-8,"bm":0},{"ddd":0,"ind":17,"ty":5,"nm":"Tried it","sr":1,"ks":{"o":{"a":0,"k":100,"ix":11},"r":{"a":0,"k":0,"ix":10},"p":{"a":0,"k":[31.921,83.25,0],"ix":2},"a":{"a":0,"k":[0,0,0],"ix":1},"s":{"a":0,"k":[100,100,100],"ix":6}},"ao":0,"ef":[{"ty":20,"nm":"Tint","np":6,"mn":"ADBE Tint","ix":1,"en":1,"ef":[{"ty":2,"nm":"Map Black To","mn":"ADBE Tint-0001","ix":1,"v":{"a":0,"k":[0.317647069693,0.541176497936,0.933333337307,1],"ix":1}},{"ty":2,"nm":"Map White To","mn":"ADBE Tint-0002","ix":2,"v":{"a":0,"k":[0.317647069693,0.541176497936,0.933333337307,1],"ix":2}},{"ty":0,"nm":"Amount to Tint","mn":"ADBE Tint-0003","ix":3,"v":{"a":1,"k":[{"i":{"x":[0.833],"y":[0.833]},"o":{"x":[0.167],"y":[0.167]},"t":0,"s":[0]},{"i":{"x":[0.833],"y":[0.833]},"o":{"x":[0.167],"y":[0.167]},"t":13,"s":[100]},{"i":{"x":[0.833],"y":[0.833]},"o":{"x":[0.167],"y":[0.167]},"t":47,"s":[100]},{"t":61,"s":[0]}],"ix":3}},{"ty":6,"nm":"","mn":"ADBE Tint-0004","ix":4,"v":0}]}],"t":{"d":{"k":[{"s":{"s":12,"f":"SFProText-Semibold","t":"Tried it","j":2,"tr":-17,"lh":14.4,"ls":0,"fc":[0.463,0.463,0.463]},"t":0}]},"p":{},"m":{"g":1,"a":{"a":0,"k":[0,0],"ix":2}},"a":[{"nm":"Animator 1","s":{"t":0,"xe":{"a":0,"k":0,"ix":7},"ne":{"a":0,"k":0,"ix":8},"a":{"a":0,"k":100,"ix":4},"b":3,"rn":0,"sh":1,"s":{"a":1,"k":[{"i":{"x":[0.426],"y":[1]},"o":{"x":[0.636],"y":[0]},"t":0,"s":[0]},{"i":{"x":[0.833],"y":[1]},"o":{"x":[0.167],"y":[0]},"t":20,"s":[100]},{"i":{"x":[0.833],"y":[1]},"o":{"x":[0.636],"y":[0]},"t":47,"s":[0]},{"t":61,"s":[0]}],"ix":1},"r":1},"a":{"p":{"a":0,"k":[0,4,0],"ix":2}}}]},"ip":0,"op":62,"st":-187,"bm":0},{"ddd":0,"ind":18,"ty":4,"nm":"Shape Layer 2","sr":1,"ks":{"o":{"a":1,"k":[{"i":{"x":[0.833],"y":[0.833]},"o":{"x":[0.167],"y":[0.167]},"t":47,"s":[100]},{"t":61,"s":[0]}],"ix":11},"r":{"a":0,"k":0,"ix":10},"p":{"a":0,"k":[32,32,0],"ix":2},"a":{"a":0,"k":[2.756,-11.244,0],"ix":1},"s":{"a":1,"k":[{"i":{"x":[0.833,0.833,0.833],"y":[-0.417,-0.417,1]},"o":{"x":[0.167,0.167,0.167],"y":[0.167,0.167,0]},"t":0,"s":[0,0,100]},{"i":{"x":[0.833,0.833,0.833],"y":[0.506,0.506,1]},"o":{"x":[0.167,0.167,0.167],"y":[0.089,0.089,0]},"t":1,"s":[0.009,0.009,100]},{"i":{"x":[0.833,0.833,0.833],"y":[0.637,0.637,1]},"o":{"x":[0.167,0.167,0.167],"y":[0.1,0.1,0]},"t":2,"s":[0.158,0.158,100]},{"i":{"x":[0.833,0.833,0.833],"y":[0.663,0.663,1]},"o":{"x":[0.167,0.167,0.167],"y":[0.108,0.108,0]},"t":3,"s":[0.892,0.892,100]},{"i":{"x":[0.833,0.833,0.833],"y":[0.688,0.688,1]},"o":{"x":[0.167,0.167,0.167],"y":[0.111,0.111,0]},"t":4,"s":[3.357,3.357,100]},{"i":{"x":[0.833,0.833,0.833],"y":[0.819,0.819,1]},"o":{"x":[0.167,0.167,0.167],"y":[0.114,0.114,0]},"t":5,"s":[10.864,10.864,100]},{"i":{"x":[0.833,0.833,0.833],"y":[0.862,0.862,1]},"o":{"x":[0.167,0.167,0.167],"y":[0.154,0.154,0]},"t":6,"s":[31.5,31.5,100]},{"i":{"x":[0.833,0.833,0.833],"y":[0.86,0.86,1]},"o":{"x":[0.167,0.167,0.167],"y":[0.21,0.21,0]},"t":7,"s":[55.724,55.724,100]},{"i":{"x":[0.833,0.833,0.833],"y":[0.859,0.859,1]},"o":{"x":[0.167,0.167,0.167],"y":[0.207,0.207,0]},"t":8,"s":[71.721,71.721,100]},{"i":{"x":[0.833,0.833,0.833],"y":[0.86,0.86,1]},"o":{"x":[0.167,0.167,0.167],"y":[0.203,0.203,0]},"t":9,"s":[82.544,82.544,100]},{"i":{"x":[0.833,0.833,0.833],"y":[0.865,0.865,1]},"o":{"x":[0.167,0.167,0.167],"y":[0.206,0.206,0]},"t":10,"s":[90.084,90.084,100]},{"i":{"x":[0.833,0.833,0.833],"y":[0.878,0.878,1]},"o":{"x":[0.167,0.167,0.167],"y":[0.218,0.218,0]},"t":11,"s":[95.21,95.21,100]},{"i":{"x":[0.833,0.833,0.833],"y":[0.911,0.911,1]},"o":{"x":[0.167,0.167,0.167],"y":[0.263,0.263,0]},"t":12,"s":[98.377,98.377,100]},{"i":{"x":[0.833,0.833,0.833],"y":[1.176,1.176,1]},"o":{"x":[0.167,0.167,0.167],"y":[1.281,1.281,0]},"t":13,"s":[99.846,99.846,100]},{"i":{"x":[0.833,0.833,0.833],"y":[0.784,0.784,1]},"o":{"x":[0.167,0.167,0.167],"y":[0.057,0.057,0]},"t":14,"s":[99.948,99.948,100]},{"i":{"x":[0.833,0.833,0.833],"y":[0.822,0.822,1]},"o":{"x":[0.167,0.167,0.167],"y":[0.136,0.136,0]},"t":15,"s":[99.63,99.63,100]},{"i":{"x":[0.833,0.833,0.833],"y":[0.84,0.84,1]},"o":{"x":[0.167,0.167,0.167],"y":[0.157,0.157,0]},"t":16,"s":[99.124,99.124,100]},{"i":{"x":[0.833,0.833,0.833],"y":[0.856,0.856,1]},"o":{"x":[0.167,0.167,0.167],"y":[0.174,0.174,0]},"t":17,"s":[98.551,98.551,100]},{"i":{"x":[0.833,0.833,0.833],"y":[0.88,0.88,1]},"o":{"x":[0.167,0.167,0.167],"y":[0.199,0.199,0]},"t":18,"s":[98.026,98.026,100]},{"i":{"x":[0.833,0.833,0.833],"y":[0.956,0.956,1]},"o":{"x":[0.167,0.167,0.167],"y":[0.275,0.275,0]},"t":19,"s":[97.647,97.647,100]},{"i":{"x":[0.833,0.833,0.833],"y":[0.588,0.588,1]},"o":{"x":[0.167,0.167,0.167],"y":[-0.093,-0.093,0]},"t":20,"s":[97.482,97.482,100]},{"i":{"x":[0.833,0.833,0.833],"y":[0.786,0.786,1]},"o":{"x":[0.167,0.167,0.167],"y":[0.104,0.104,0]},"t":21,"s":[97.56,97.56,100]},{"i":{"x":[0.833,0.833,0.833],"y":[0.818,0.818,1]},"o":{"x":[0.167,0.167,0.167],"y":[0.137,0.137,0]},"t":22,"s":[97.867,97.867,100]},{"i":{"x":[0.833,0.833,0.833],"y":[0.837,0.837,1]},"o":{"x":[0.167,0.167,0.167],"y":[0.154,0.154,0]},"t":23,"s":[98.349,98.349,100]},{"i":{"x":[0.833,0.833,0.833],"y":[0.855,0.855,1]},"o":{"x":[0.167,0.167,0.167],"y":[0.17,0.17,0]},"t":24,"s":[98.917,98.917,100]},{"i":{"x":[0.833,0.833,0.833],"y":[0.888,0.888,1]},"o":{"x":[0.167,0.167,0.167],"y":[0.197,0.197,0]},"t":25,"s":[99.461,99.461,100]},{"i":{"x":[0.833,0.833,0.833],"y":[0.94,0.94,1]},"o":{"x":[0.167,0.167,0.167],"y":[0.326,0.326,0]},"t":26,"s":[99.862,99.862,100]},{"i":{"x":[0.833,0.833,0.833],"y":[0.789,0.789,1]},"o":{"x":[0.167,0.167,0.167],"y":[-0.211,-0.211,0]},"t":27,"s":[100,100,100]},{"i":{"x":[0.833,0.833,0.833],"y":[0.868,0.868,1]},"o":{"x":[0.167,0.167,0.167],"y":[0.138,0.138,0]},"t":28,"s":[99.961,99.961,100]},{"i":{"x":[0.833,0.833,0.833],"y":[0.943,0.943,1]},"o":{"x":[0.167,0.167,0.167],"y":[0.226,0.226,0]},"t":29,"s":[99.901,99.901,100]},{"i":{"x":[0.833,0.833,0.833],"y":[0.529,0.529,1]},"o":{"x":[0.167,0.167,0.167],"y":[-0.185,-0.185,0]},"t":30,"s":[99.866,99.866,100]},{"i":{"x":[0.833,0.833,0.833],"y":[0.822,0.822,1]},"o":{"x":[0.167,0.167,0.167],"y":[0.101,0.101,0]},"t":31,"s":[99.877,99.877,100]},{"i":{"x":[0.833,0.833,0.833],"y":[0.896,0.896,1]},"o":{"x":[0.167,0.167,0.167],"y":[0.156,0.156,0]},"t":32,"s":[99.927,99.927,100]},{"i":{"x":[0.833,0.833,0.833],"y":[0.954,0.954,1]},"o":{"x":[0.167,0.167,0.167],"y":[0.418,0.418,0]},"t":33,"s":[99.985,99.985,100]},{"i":{"x":[0.833,0.833,0.833],"y":[0.941,0.941,1]},"o":{"x":[0.167,0.167,0.167],"y":[-0.102,-0.102,0]},"t":34,"s":[99.999,99.999,100]},{"i":{"x":[0.833,0.833,0.833],"y":[0.666,0.666,1]},"o":{"x":[0.167,0.167,0.167],"y":[-0.198,-0.198,0]},"t":35,"s":[99.992,99.992,100]},{"i":{"x":[0.833,0.833,0.833],"y":[0.917,0.917,1]},"o":{"x":[0.167,0.167,0.167],"y":[0.111,0.111,0]},"t":36,"s":[99.994,99.994,100]},{"i":{"x":[0.833,0.833,0.833],"y":[1,1,1]},"o":{"x":[0.167,0.167,0.167],"y":[0,0,0]},"t":37,"s":[100,100,100]},{"i":{"x":[0.833,0.833,0.833],"y":[1,1,1]},"o":{"x":[0.167,0.167,0.167],"y":[0,0,0]},"t":38,"s":[100,100,100]},{"i":{"x":[0.833,0.833,0.833],"y":[1,1,1]},"o":{"x":[0.167,0.167,0.167],"y":[0,0,0]},"t":39,"s":[100,100,100]},{"i":{"x":[0.833,0.833,0.833],"y":[1,1,1]},"o":{"x":[0.167,0.167,0.167],"y":[0,0,0]},"t":40,"s":[100,100,100]},{"i":{"x":[0.833,0.833,0.833],"y":[1,1,1]},"o":{"x":[0.167,0.167,0.167],"y":[0,0,0]},"t":41,"s":[100,100,100]},{"i":{"x":[0.833,0.833,0.833],"y":[1,1,1]},"o":{"x":[0.167,0.167,0.167],"y":[0,0,0]},"t":42,"s":[100,100,100]},{"i":{"x":[0.833,0.833,0.833],"y":[1,1,1]},"o":{"x":[0.167,0.167,0.167],"y":[0,0,0]},"t":43,"s":[100,100,100]},{"i":{"x":[0.833,0.833,0.833],"y":[1,1,1]},"o":{"x":[0.167,0.167,0.167],"y":[0,0,0]},"t":44,"s":[100,100,100]},{"i":{"x":[0.833,0.833,0.833],"y":[1,1,1]},"o":{"x":[0.167,0.167,0.167],"y":[0,0,0]},"t":45,"s":[100,100,100]},{"i":{"x":[0.833,0.833,0.833],"y":[1,1,1]},"o":{"x":[0.167,0.167,0.167],"y":[0,0,0]},"t":46,"s":[100,100,100]},{"t":47,"s":[100,100,100]}],"ix":6}},"ao":0,"shapes":[{"ty":"gr","it":[{"d":1,"ty":"el","s":{"a":0,"k":[64,64],"ix":2},"p":{"a":0,"k":[0,0],"ix":3},"nm":"Ellipse Path 1","mn":"ADBE Vector Shape - Ellipse","hd":false},{"ty":"st","c":{"a":0,"k":[0,0,0,1],"ix":3},"o":{"a":0,"k":100,"ix":4},"w":{"a":0,"k":0,"ix":5},"lc":1,"lj":1,"ml":4,"bm":0,"nm":"Stroke 1","mn":"ADBE Vector Graphic - Stroke","hd":false},{"ty":"fl","c":{"a":0,"k":[0.317647069693,0.541176497936,0.933333337307,1],"ix":4},"o":{"a":0,"k":100,"ix":5},"r":1,"bm":0,"nm":"Fill 1","mn":"ADBE Vector Graphic - Fill","hd":false},{"ty":"tr","p":{"a":0,"k":[2.756,-11.244],"ix":2},"a":{"a":0,"k":[0,0],"ix":1},"s":{"a":0,"k":[100,100],"ix":3},"r":{"a":0,"k":0,"ix":6},"o":{"a":0,"k":100,"ix":7},"sk":{"a":0,"k":0,"ix":4},"sa":{"a":0,"k":0,"ix":5},"nm":"Transform"}],"nm":"Ellipse 1","np":3,"cix":2,"bm":0,"ix":1,"mn":"ADBE Vector Group","hd":false}],"ip":0,"op":62,"st":0,"bm":0},{"ddd":0,"ind":19,"ty":4,"nm":"Shape Layer 1","sr":1,"ks":{"o":{"a":0,"k":100,"ix":11},"r":{"a":0,"k":0,"ix":10},"p":{"a":0,"k":[32,32,0],"ix":2},"a":{"a":0,"k":[2.756,-11.244,0],"ix":1},"s":{"a":0,"k":[100,100,100],"ix":6}},"ao":0,"shapes":[{"ty":"gr","it":[{"d":1,"ty":"el","s":{"a":0,"k":[64,64],"ix":2},"p":{"a":0,"k":[0,0],"ix":3},"nm":"Ellipse Path 1","mn":"ADBE Vector Shape - Ellipse","hd":false},{"ty":"st","c":{"a":0,"k":[0,0,0,1],"ix":3},"o":{"a":0,"k":100,"ix":4},"w":{"a":0,"k":0,"ix":5},"lc":1,"lj":1,"ml":4,"bm":0,"nm":"Stroke 1","mn":"ADBE Vector Graphic - Stroke","hd":false},{"ty":"fl","c":{"a":0,"k":[0.937254901961,0.937254901961,0.937254901961,1],"ix":4},"o":{"a":0,"k":100,"ix":5},"r":1,"bm":0,"nm":"Fill 1","mn":"ADBE Vector Graphic - Fill","hd":false},{"ty":"tr","p":{"a":0,"k":[2.756,-11.244],"ix":2},"a":{"a":0,"k":[0,0],"ix":1},"s":{"a":0,"k":[100,100],"ix":3},"r":{"a":0,"k":0,"ix":6},"o":{"a":0,"k":100,"ix":7},"sk":{"a":0,"k":0,"ix":4},"sa":{"a":0,"k":0,"ix":5},"nm":"Transform"}],"nm":"Ellipse 1","np":3,"cix":2,"bm":0,"ix":1,"mn":"ADBE Vector Group","hd":false}],"ip":0,"op":62,"st":-187,"bm":0}],"markers":[{"tm":47,"cm":"1","dr":0},{"tm":61,"cm":"2","dr":0}],"chars":[{"ch":"T","size":12,"style":"Semibold","w":65.04,"data":{"shapes":[{"ty":"gr","it":[{"ind":0,"ty":"sh","ix":1,"ks":{"a":0,"k":{"i":[[0,0],[0,0],[0,0],[0,0],[0,0],[0,0],[0,0],[0,0]],"o":[[0,0],[0,0],[0,0],[0,0],[0,0],[0,0],[0,0],[0,0]],"v":[[38.818,0],[38.818,-59.863],[60.547,-59.863],[60.547,-70.459],[4.541,-70.459],[4.541,-59.863],[26.221,-59.863],[26.221,0]],"c":true},"ix":2},"nm":"T","mn":"ADBE Vector Shape - Group","hd":false}],"nm":"T","np":3,"cix":2,"bm":0,"ix":1,"mn":"ADBE Vector Group","hd":false}]},"fFamily":"SF Pro Text"},{"ch":"r","size":12,"style":"Semibold","w":42.24,"data":{"shapes":[{"ty":"gr","it":[{"ind":0,"ty":"sh","ix":1,"ks":{"a":0,"k":{"i":[[0,0],[0,0],[0,0],[-7.861,0],[-0.928,-0.342],[0,0],[1.758,0],[1.465,-5.273],[0,0],[0,0],[0,0]],"o":[[0,0],[0,0],[0,-7.52],[2.051,0],[0,0],[-1.123,-0.293],[-6.885,0],[0,0],[0,0],[0,0],[0,0]],"v":[[7.422,0],[19.531,0],[19.531,-31.006],[32.861,-43.408],[39.062,-42.725],[39.062,-53.76],[34.033,-54.248],[19.922,-45.068],[19.092,-45.068],[19.092,-53.369],[7.422,-53.369]],"c":true},"ix":2},"nm":"r","mn":"ADBE Vector Shape - Group","hd":false}],"nm":"r","np":3,"cix":2,"bm":0,"ix":1,"mn":"ADBE Vector Group","hd":false}]},"fFamily":"SF Pro Text"},{"ch":"i","size":12,"style":"Semibold","w":27.2,"data":{"shapes":[{"ty":"gr","it":[{"ind":0,"ty":"sh","ix":1,"ks":{"a":0,"k":{"i":[[-3.955,0],[0,4.004],[4.004,0],[0,-3.955]],"o":[[4.004,0],[0,-3.955],[-3.955,0],[0,4.004]],"v":[[13.574,-62.305],[20.85,-69.482],[13.574,-76.66],[6.348,-69.482]],"c":true},"ix":2},"nm":"i","mn":"ADBE Vector Shape - Group","hd":false},{"ind":1,"ty":"sh","ix":2,"ks":{"a":0,"k":{"i":[[0,0],[0,0],[0,0],[0,0]],"o":[[0,0],[0,0],[0,0],[0,0]],"v":[[7.568,0],[19.629,0],[19.629,-53.369],[7.568,-53.369]],"c":true},"ix":2},"nm":"i","mn":"ADBE Vector Shape - Group","hd":false}],"nm":"i","np":5,"cix":2,"bm":0,"ix":1,"mn":"ADBE Vector Group","hd":false}]},"fFamily":"SF Pro Text"},{"ch":"e","size":12,"style":"Semibold","w":58.98,"data":{"shapes":[{"ty":"gr","it":[{"ind":0,"ty":"sh","ix":1,"ks":{"a":0,"k":{"i":[[0,0],[6.006,0],[0.293,9.033],[0,0],[0,0],[0,0],[15.234,0],[0,-17.139],[-15.723,0],[-2.197,9.619]],"o":[[-1.758,4.004],[-7.959,0],[0,0],[0,0],[0,0],[0,-16.748],[-15.479,0],[0,17.09],[12.598,0],[0,0]],"v":[[42.236,-14.6],[30.322,-8.35],[16.943,-23.047],[16.943,-23.682],[54.248,-23.682],[54.248,-27.539],[29.883,-54.395],[4.785,-26.465],[29.98,1.074],[53.711,-14.6]],"c":true},"ix":2},"nm":"e","mn":"ADBE Vector Shape - Group","hd":false},{"ind":1,"ty":"sh","ix":2,"ks":{"a":0,"k":{"i":[[-7.227,0],[-0.244,-8.105],[0,0]],"o":[[7.275,0],[0,0],[0.537,-8.008]],"v":[[29.834,-44.971],[42.139,-31.738],[16.992,-31.738]],"c":true},"ix":2},"nm":"e","mn":"ADBE Vector Shape - Group","hd":false}],"nm":"e","np":5,"cix":2,"bm":0,"ix":1,"mn":"ADBE Vector Group","hd":false}]},"fFamily":"SF Pro Text"},{"ch":"d","size":12,"style":"Semibold","w":63.77,"data":{"shapes":[{"ty":"gr","it":[{"ind":0,"ty":"sh","ix":1,"ks":{"a":0,"k":{"i":[[-13.525,0],[-3.027,5.859],[0,0],[0,0],[0,0],[0,0],[0,0],[0,0],[0,0],[7.324,0],[0,-16.895]],"o":[[7.422,0],[0,0],[0,0],[0,0],[0,0],[0,0],[0,0],[0,0],[-2.832,-5.859],[-13.477,0],[0,16.943]],"v":[[26.758,0.879],[43.359,-8.447],[44.189,-8.447],[44.189,0],[55.908,0],[55.908,-74.023],[43.799,-74.023],[43.799,-44.873],[42.969,-44.873],[26.758,-54.248],[4.785,-26.709]],"c":true},"ix":2},"nm":"d","mn":"ADBE Vector Shape - Group","hd":false},{"ind":1,"ty":"sh","ix":2,"ks":{"a":0,"k":{"i":[[-8.252,0],[0,-10.791],[8.35,0],[0,10.938]],"o":[[8.301,0],[0,10.84],[-8.301,0],[0,-10.889]],"v":[[30.518,-44.141],[43.945,-26.66],[30.518,-9.18],[17.188,-26.66]],"c":true},"ix":2},"nm":"d","mn":"ADBE Vector Shape - Group","hd":false}],"nm":"d","np":5,"cix":2,"bm":0,"ix":1,"mn":"ADBE Vector Group","hd":false}]},"fFamily":"SF Pro Text"},{"ch":" ","size":12,"style":"Semibold","w":26.66,"data":{},"fFamily":"SF Pro Text"},{"ch":"t","size":12,"style":"Semibold","w":39.75,"data":{"shapes":[{"ty":"gr","it":[{"ind":0,"ty":"sh","ix":1,"ks":{"a":0,"k":{"i":[[0,0],[0,0],[0,0],[0,0],[0,0],[0,0],[-12.256,0],[-1.758,0.342],[0,0],[1.709,0],[0,5.322],[0,0],[0,0],[0,0],[0,0],[0,0]],"o":[[0,0],[0,0],[0,0],[0,0],[0,0],[0,10.303],[2.344,0],[0,0],[-1.465,0.146],[-5.078,0],[0,0],[0,0],[0,0],[0,0],[0,0],[0,0]],"v":[[11.279,-66.455],[11.279,-53.027],[2.832,-53.027],[2.832,-43.604],[11.279,-43.604],[11.279,-14.16],[28.418,0.244],[34.766,-0.293],[34.766,-9.57],[30.664,-9.326],[23.34,-17.041],[23.34,-43.604],[34.766,-43.604],[34.766,-53.027],[23.34,-53.027],[23.34,-66.455]],"c":true},"ix":2},"nm":"t","mn":"ADBE Vector Shape - Group","hd":false}],"nm":"t","np":3,"cix":2,"bm":0,"ix":1,"mn":"ADBE Vector Group","hd":false}]},"fFamily":"SF Pro Text"}]}