{"v":"5.6.5","fr":30,"ip":0,"op":62,"w":64,"h":92,"nm":"3-wanna-try","ddd":0,"assets":[],"fonts":{"list":[{"fName":"SFProText-Semibold","fFamily":"SF Pro Text","fStyle":"Semibold","ascent":74.0234375}]},"layers":[{"ddd":0,"ind":1,"ty":4,"nm":"Shape Layer 4","sr":1,"ks":{"o":{"a":0,"k":100,"ix":11},"r":{"a":0,"k":0,"ix":10},"p":{"a":0,"k":[32,32,0],"ix":2},"a":{"a":0,"k":[0,0,0],"ix":1},"s":{"a":1,"k":[{"i":{"x":[0.833,0.833,0.833],"y":[0.868,0.868,1]},"o":{"x":[0.167,0.167,0.167],"y":[0.167,0.167,0]},"t":9,"s":[0,0,100]},{"i":{"x":[0.833,0.833,0.833],"y":[0.868,0.868,1]},"o":{"x":[0.167,0.167,0.167],"y":[0.225,0.225,0]},"t":10,"s":[45.46,45.46,100]},{"i":{"x":[0.833,0.833,0.833],"y":[0.868,0.868,1]},"o":{"x":[0.167,0.167,0.167],"y":[0.225,0.225,0]},"t":11,"s":[72.132,72.132,100]},{"i":{"x":[0.833,0.833,0.833],"y":[0.868,0.868,1]},"o":{"x":[0.167,0.167,0.167],"y":[0.225,0.225,0]},"t":12,"s":[87.782,87.782,100]},{"i":{"x":[0.833,0.833,0.833],"y":[0.868,0.868,1]},"o":{"x":[0.167,0.167,0.167],"y":[0.225,0.225,0]},"t":13,"s":[96.964,96.964,100]},{"i":{"x":[0.833,0.833,0.833],"y":[0.868,0.868,1]},"o":{"x":[0.167,0.167,0.167],"y":[0.225,0.225,0]},"t":14,"s":[102.351,102.351,100]},{"i":{"x":[0.833,0.833,0.833],"y":[0.868,0.868,1]},"o":{"x":[0.167,0.167,0.167],"y":[0.225,0.225,0]},"t":15,"s":[105.512,105.512,100]},{"i":{"x":[0.833,0.833,0.833],"y":[0.868,0.868,1]},"o":{"x":[0.167,0.167,0.167],"y":[0.225,0.225,0]},"t":16,"s":[107.367,107.367,100]},{"i":{"x":[0.833,0.833,0.833],"y":[0.868,0.868,1]},"o":{"x":[0.167,0.167,0.167],"y":[0.225,0.225,0]},"t":17,"s":[108.455,108.455,100]},{"i":{"x":[0.833,0.833,0.833],"y":[0.868,0.868,1]},"o":{"x":[0.167,0.167,0.167],"y":[0.225,0.225,0]},"t":18,"s":[109.094,109.094,100]},{"i":{"x":[0.833,0.833,0.833],"y":[0.868,0.868,1]},"o":{"x":[0.167,0.167,0.167],"y":[0.225,0.225,0]},"t":19,"s":[109.468,109.468,100]},{"i":{"x":[0.833,0.833,0.833],"y":[0.798,0.798,1]},"o":{"x":[0.167,0.167,0.167],"y":[0.225,0.225,0]},"t":20,"s":[109.688,109.688,100]},{"i":{"x":[0.833,0.833,0.833],"y":[0.833,0.833,1]},"o":{"x":[0.167,0.167,0.167],"y":[0.142,0.142,0]},"t":21,"s":[109.817,109.817,100]},{"t":22,"s":[110,110,100]}],"ix":6}},"ao":0,"shapes":[{"ty":"gr","it":[{"d":1,"ty":"el","s":{"a":0,"k":[44,44],"ix":2},"p":{"a":0,"k":[0,0],"ix":3},"nm":"Ellipse Path 1","mn":"ADBE Vector Shape - Ellipse","hd":false},{"ty":"st","c":{"a":0,"k":[1,0.81568627451,0.16862745098,1],"ix":3},"o":{"a":0,"k":100,"ix":4},"w":{"a":1,"k":[{"i":{"x":[0.833],"y":[0.868]},"o":{"x":[0.167],"y":[0.167]},"t":9,"s":[57]},{"i":{"x":[0.833],"y":[0.868]},"o":{"x":[0.167],"y":[0.225]},"t":10,"s":[33.444]},{"i":{"x":[0.833],"y":[0.868]},"o":{"x":[0.167],"y":[0.225]},"t":11,"s":[19.622]},{"i":{"x":[0.833],"y":[0.868]},"o":{"x":[0.167],"y":[0.225]},"t":12,"s":[11.513]},{"i":{"x":[0.833],"y":[0.868]},"o":{"x":[0.167],"y":[0.225]},"t":13,"s":[6.755]},{"i":{"x":[0.833],"y":[0.868]},"o":{"x":[0.167],"y":[0.225]},"t":14,"s":[3.963]},{"i":{"x":[0.833],"y":[0.868]},"o":{"x":[0.167],"y":[0.225]},"t":15,"s":[2.325]},{"i":{"x":[0.833],"y":[0.868]},"o":{"x":[0.167],"y":[0.225]},"t":16,"s":[1.364]},{"i":{"x":[0.833],"y":[0.868]},"o":{"x":[0.167],"y":[0.225]},"t":17,"s":[0.801]},{"i":{"x":[0.833],"y":[0.868]},"o":{"x":[0.167],"y":[0.225]},"t":18,"s":[0.47]},{"i":{"x":[0.833],"y":[0.868]},"o":{"x":[0.167],"y":[0.225]},"t":19,"s":[0.276]},{"i":{"x":[0.833],"y":[0.798]},"o":{"x":[0.167],"y":[0.225]},"t":20,"s":[0.162]},{"i":{"x":[0.833],"y":[0.833]},"o":{"x":[0.167],"y":[0.142]},"t":21,"s":[0.095]},{"t":22,"s":[0]}],"ix":5},"lc":1,"lj":1,"ml":4,"bm":0,"nm":"Stroke 1","mn":"ADBE Vector Graphic - Stroke","hd":false},{"ty":"tr","p":{"a":0,"k":[0,0],"ix":2},"a":{"a":0,"k":[0,0],"ix":1},"s":{"a":0,"k":[100,100],"ix":3},"r":{"a":0,"k":0,"ix":6},"o":{"a":0,"k":100,"ix":7},"sk":{"a":0,"k":0,"ix":4},"sa":{"a":0,"k":0,"ix":5},"nm":"Transform"}],"nm":"Ellipse 1","np":3,"cix":2,"bm":0,"ix":1,"mn":"ADBE Vector Group","hd":false}],"ip":9,"op":22,"st":-1,"bm":0},{"ddd":0,"ind":2,"ty":3,"nm":"Null 6","sr":1,"ks":{"o":{"a":0,"k":0,"ix":11},"r":{"a":0,"k":65,"ix":10},"p":{"a":0,"k":[-9,43,0],"ix":2},"a":{"a":0,"k":[0,0,0],"ix":1},"s":{"a":0,"k":[140,140,100],"ix":6}},"ao":0,"ip":0,"op":62,"st":0,"bm":0},{"ddd":0,"ind":3,"ty":4,"nm":"star 6","parent":2,"sr":1,"ks":{"o":{"a":1,"k":[{"i":{"x":[0.667],"y":[1]},"o":{"x":[0.167],"y":[0.167]},"t":29,"s":[100]},{"t":41,"s":[0]}],"ix":11},"r":{"a":1,"k":[{"i":{"x":[0.667],"y":[1]},"o":{"x":[0.167],"y":[0.167]},"t":25,"s":[0]},{"t":41,"s":[32]}],"ix":10},"p":{"a":1,"k":[{"i":{"x":0.667,"y":1},"o":{"x":0.167,"y":0.167},"t":25,"s":[0,-32,0],"to":[1,-1.833,0],"ti":[-1,1.833,0]},{"t":41,"s":[6,-43,0]}],"ix":2},"a":{"a":0,"k":[0,0,0],"ix":1},"s":{"a":1,"k":[{"i":{"x":[0.667,0.667,0.667],"y":[1,1,1]},"o":{"x":[0.167,0.167,0.167],"y":[0.167,0.167,0]},"t":25,"s":[28,28,100]},{"t":41,"s":[34,34,100]}],"ix":6}},"ao":0,"shapes":[{"ind":0,"ty":"sh","ix":1,"ks":{"a":0,"k":{"i":[[0,0],[0.992,0.15],[0,0],[0.176,0.372],[0,0],[0.443,-0.938],[0,0],[0.394,-0.06],[0,0],[-0.717,-0.731],[0,0],[0.068,-0.41],[0,0],[-0.886,0.487],[0,0],[-0.352,-0.194],[0,0],[0.169,1.033],[0,0],[-0.284,0.29]],"o":[[0.717,-0.731],[0,0],[-0.394,-0.06],[0,0],[-0.443,-0.938],[0,0],[-0.176,0.372],[0,0],[-0.992,0.15],[0,0],[0.285,0.29],[0,0],[-0.169,1.033],[0,0],[0.352,-0.194],[0,0],[0.887,0.487],[0,0],[-0.068,-0.41],[0,0]],"v":[[9.634,-1.211],[8.964,-3.365],[4.148,-4.097],[3.238,-4.788],[1.084,-9.349],[-1.084,-9.349],[-3.238,-4.788],[-4.148,-4.097],[-8.964,-3.365],[-9.634,-1.211],[-6.149,2.338],[-5.801,3.456],[-6.624,8.468],[-4.87,9.8],[-0.562,7.434],[0.563,7.434],[4.87,9.8],[6.624,8.468],[5.801,3.456],[6.149,2.338]],"c":true},"ix":2},"nm":"Path 1","mn":"ADBE Vector Shape - Group","hd":false},{"ty":"fl","c":{"a":0,"k":[1,0.81568627451,0.16862745098,1],"ix":4},"o":{"a":0,"k":100,"ix":5},"r":1,"bm":0,"nm":"Fill 1","mn":"ADBE Vector Graphic - Fill","hd":false}],"ip":25,"op":42,"st":5,"bm":0},{"ddd":0,"ind":4,"ty":4,"nm":"star 3","sr":1,"ks":{"o":{"a":1,"k":[{"i":{"x":[0.667],"y":[1]},"o":{"x":[0.167],"y":[0.167]},"t":24,"s":[100]},{"t":35,"s":[0]}],"ix":11},"r":{"a":1,"k":[{"i":{"x":[0.667],"y":[1]},"o":{"x":[0.167],"y":[0.167]},"t":19,"s":[0]},{"t":35,"s":[32]}],"ix":10},"p":{"a":1,"k":[{"i":{"x":0.667,"y":1},"o":{"x":0.167,"y":0.167},"t":19,"s":[32,22,0],"to":[1.167,-1.833,0],"ti":[-1.167,1.833,0]},{"t":35,"s":[39,11,0]}],"ix":2},"a":{"a":0,"k":[0,0,0],"ix":1},"s":{"a":1,"k":[{"i":{"x":[0.667,0.667,0.667],"y":[1,1,1]},"o":{"x":[0.167,0.167,0.167],"y":[0.167,0.167,-0.219]},"t":19,"s":[28,28,100]},{"t":35,"s":[20,20,100]}],"ix":6}},"ao":0,"shapes":[{"ind":0,"ty":"sh","ix":1,"ks":{"a":0,"k":{"i":[[0,0],[0.992,0.15],[0,0],[0.176,0.372],[0,0],[0.443,-0.938],[0,0],[0.394,-0.06],[0,0],[-0.717,-0.731],[0,0],[0.068,-0.41],[0,0],[-0.886,0.487],[0,0],[-0.352,-0.194],[0,0],[0.169,1.033],[0,0],[-0.284,0.29]],"o":[[0.717,-0.731],[0,0],[-0.394,-0.06],[0,0],[-0.443,-0.938],[0,0],[-0.176,0.372],[0,0],[-0.992,0.15],[0,0],[0.285,0.29],[0,0],[-0.169,1.033],[0,0],[0.352,-0.194],[0,0],[0.887,0.487],[0,0],[-0.068,-0.41],[0,0]],"v":[[9.634,-1.211],[8.964,-3.365],[4.148,-4.097],[3.238,-4.788],[1.084,-9.349],[-1.084,-9.349],[-3.238,-4.788],[-4.148,-4.097],[-8.964,-3.365],[-9.634,-1.211],[-6.149,2.338],[-5.801,3.456],[-6.624,8.468],[-4.87,9.8],[-0.562,7.434],[0.563,7.434],[4.87,9.8],[6.624,8.468],[5.801,3.456],[6.149,2.338]],"c":true},"ix":2},"nm":"Path 1","mn":"ADBE Vector Shape - Group","hd":false},{"ty":"fl","c":{"a":0,"k":[1,0.81568627451,0.16862745098,1],"ix":4},"o":{"a":0,"k":100,"ix":5},"r":1,"bm":0,"nm":"Fill 1","mn":"ADBE Vector Graphic - Fill","hd":false}],"ip":19,"op":37,"st":-1,"bm":0},{"ddd":0,"ind":5,"ty":4,"nm":"star 2","sr":1,"ks":{"o":{"a":1,"k":[{"i":{"x":[0.667],"y":[1]},"o":{"x":[0.167],"y":[0.167]},"t":17,"s":[100]},{"t":29,"s":[0]}],"ix":11},"r":{"a":1,"k":[{"i":{"x":[0.667],"y":[1]},"o":{"x":[0.167],"y":[0.167]},"t":13,"s":[0]},{"t":29,"s":[32]}],"ix":10},"p":{"a":1,"k":[{"i":{"x":0.667,"y":1},"o":{"x":0.167,"y":0.167},"t":13,"s":[32,22,0],"to":[-1.833,-1.833,0],"ti":[1.833,1.833,0]},{"t":29,"s":[21,11,0]}],"ix":2},"a":{"a":0,"k":[0,0,0],"ix":1},"s":{"a":1,"k":[{"i":{"x":[0.667,0.667,0.667],"y":[1,1,1]},"o":{"x":[0.167,0.167,0.167],"y":[0.167,0.167,0.099]},"t":13,"s":[28,28,100]},{"t":29,"s":[34,34,100]}],"ix":6}},"ao":0,"shapes":[{"ind":0,"ty":"sh","ix":1,"ks":{"a":0,"k":{"i":[[0,0],[0.992,0.15],[0,0],[0.176,0.372],[0,0],[0.443,-0.938],[0,0],[0.394,-0.06],[0,0],[-0.717,-0.731],[0,0],[0.068,-0.41],[0,0],[-0.886,0.487],[0,0],[-0.352,-0.194],[0,0],[0.169,1.033],[0,0],[-0.284,0.29]],"o":[[0.717,-0.731],[0,0],[-0.394,-0.06],[0,0],[-0.443,-0.938],[0,0],[-0.176,0.372],[0,0],[-0.992,0.15],[0,0],[0.285,0.29],[0,0],[-0.169,1.033],[0,0],[0.352,-0.194],[0,0],[0.887,0.487],[0,0],[-0.068,-0.41],[0,0]],"v":[[9.634,-1.211],[8.964,-3.365],[4.148,-4.097],[3.238,-4.788],[1.084,-9.349],[-1.084,-9.349],[-3.238,-4.788],[-4.148,-4.097],[-8.964,-3.365],[-9.634,-1.211],[-6.149,2.338],[-5.801,3.456],[-6.624,8.468],[-4.87,9.8],[-0.562,7.434],[0.563,7.434],[4.87,9.8],[6.624,8.468],[5.801,3.456],[6.149,2.338]],"c":true},"ix":2},"nm":"Path 1","mn":"ADBE Vector Shape - Group","hd":false},{"ty":"fl","c":{"a":0,"k":[1,0.81568627451,0.16862745098,1],"ix":4},"o":{"a":0,"k":100,"ix":5},"r":1,"bm":0,"nm":"Fill 1","mn":"ADBE Vector Graphic - Fill","hd":false}],"ip":13,"op":30,"st":-7,"bm":0},{"ddd":0,"ind":6,"ty":4,"nm":"star","sr":1,"ks":{"o":{"a":1,"k":[{"i":{"x":[0.667],"y":[1]},"o":{"x":[0.167],"y":[0.167]},"t":13,"s":[100]},{"t":21,"s":[0]}],"ix":11},"r":{"a":1,"k":[{"i":{"x":[0.667],"y":[1]},"o":{"x":[0.167],"y":[0.167]},"t":10,"s":[0]},{"t":21,"s":[32]}],"ix":10},"p":{"a":1,"k":[{"i":{"x":0.667,"y":1},"o":{"x":0.167,"y":0.167},"t":10,"s":[32,22,0],"to":[0,-1.833,0],"ti":[0,1.833,0]},{"t":21,"s":[32,11,0]}],"ix":2},"a":{"a":0,"k":[0,0,0],"ix":1},"s":{"a":1,"k":[{"i":{"x":[0.667,0.667,0.667],"y":[1,1,1]},"o":{"x":[0.167,0.167,0.167],"y":[0.167,0.167,-0.219]},"t":10,"s":[28,28,100]},{"t":21,"s":[20,20,100]}],"ix":6}},"ao":0,"shapes":[{"ind":0,"ty":"sh","ix":1,"ks":{"a":0,"k":{"i":[[0,0],[0.992,0.15],[0,0],[0.176,0.372],[0,0],[0.443,-0.938],[0,0],[0.394,-0.06],[0,0],[-0.717,-0.731],[0,0],[0.068,-0.41],[0,0],[-0.886,0.487],[0,0],[-0.352,-0.194],[0,0],[0.169,1.033],[0,0],[-0.284,0.29]],"o":[[0.717,-0.731],[0,0],[-0.394,-0.06],[0,0],[-0.443,-0.938],[0,0],[-0.176,0.372],[0,0],[-0.992,0.15],[0,0],[0.285,0.29],[0,0],[-0.169,1.033],[0,0],[0.352,-0.194],[0,0],[0.887,0.487],[0,0],[-0.068,-0.41],[0,0]],"v":[[9.634,-1.211],[8.964,-3.365],[4.148,-4.097],[3.238,-4.788],[1.084,-9.349],[-1.084,-9.349],[-3.238,-4.788],[-4.148,-4.097],[-8.964,-3.365],[-9.634,-1.211],[-6.149,2.338],[-5.801,3.456],[-6.624,8.468],[-4.87,9.8],[-0.562,7.434],[0.563,7.434],[4.87,9.8],[6.624,8.468],[5.801,3.456],[6.149,2.338]],"c":true},"ix":2},"nm":"Path 1","mn":"ADBE Vector Shape - Group","hd":false},{"ty":"fl","c":{"a":0,"k":[1,0.81568627451,0.16862745098,1],"ix":4},"o":{"a":0,"k":100,"ix":5},"r":1,"bm":0,"nm":"Fill 1","mn":"ADBE Vector Graphic - Fill","hd":false}],"ip":10,"op":21,"st":-10,"bm":0},{"ddd":0,"ind":7,"ty":4,"nm":"mask","td":1,"sr":1,"ks":{"o":{"a":0,"k":100,"ix":11},"r":{"a":0,"k":0,"ix":10},"p":{"a":0,"k":[32,32,0],"ix":2},"a":{"a":0,"k":[2.756,-11.244,0],"ix":1},"s":{"a":0,"k":[100,100,100],"ix":6}},"ao":0,"shapes":[{"ty":"gr","it":[{"d":1,"ty":"el","s":{"a":0,"k":[64,64],"ix":2},"p":{"a":0,"k":[0,0],"ix":3},"nm":"Ellipse Path 1","mn":"ADBE Vector Shape - Ellipse","hd":false},{"ty":"st","c":{"a":0,"k":[0,0,0,1],"ix":3},"o":{"a":0,"k":100,"ix":4},"w":{"a":0,"k":0,"ix":5},"lc":1,"lj":1,"ml":4,"bm":0,"nm":"Stroke 1","mn":"ADBE Vector Graphic - Stroke","hd":false},{"ty":"fl","c":{"a":0,"k":[0.937254901961,0.937254901961,0.937254901961,1],"ix":4},"o":{"a":0,"k":100,"ix":5},"r":1,"bm":0,"nm":"Fill 1","mn":"ADBE Vector Graphic - Fill","hd":false},{"ty":"tr","p":{"a":0,"k":[2.756,-11.244],"ix":2},"a":{"a":0,"k":[0,0],"ix":1},"s":{"a":0,"k":[100,100],"ix":3},"r":{"a":0,"k":0,"ix":6},"o":{"a":0,"k":100,"ix":7},"sk":{"a":0,"k":0,"ix":4},"sa":{"a":0,"k":0,"ix":5},"nm":"Transform"}],"nm":"Ellipse 1","np":3,"cix":2,"bm":0,"ix":1,"mn":"ADBE Vector Group","hd":false}],"ip":0,"op":62,"st":-187,"bm":0},{"ddd":0,"ind":8,"ty":4,"nm":"Shape Layer 3","tt":1,"sr":1,"ks":{"o":{"a":0,"k":100,"ix":11},"r":{"a":1,"k":[{"i":{"x":[0.833],"y":[0.833]},"o":{"x":[0.167],"y":[0.167]},"t":0,"s":[0]},{"i":{"x":[0.833],"y":[0.833]},"o":{"x":[0.167],"y":[0.167]},"t":1,"s":[2.182]},{"i":{"x":[0.833],"y":[0.833]},"o":{"x":[0.167],"y":[0.167]},"t":2,"s":[4.364]},{"i":{"x":[0.833],"y":[0.833]},"o":{"x":[0.167],"y":[0.167]},"t":3,"s":[6.545]},{"i":{"x":[0.833],"y":[0.833]},"o":{"x":[0.167],"y":[0.167]},"t":4,"s":[8.727]},{"i":{"x":[0.833],"y":[0.833]},"o":{"x":[0.167],"y":[0.167]},"t":5,"s":[10.909]},{"i":{"x":[0.833],"y":[0.833]},"o":{"x":[0.167],"y":[0.167]},"t":6,"s":[13.091]},{"i":{"x":[0.833],"y":[0.833]},"o":{"x":[0.167],"y":[0.167]},"t":7,"s":[15.273]},{"i":{"x":[0.833],"y":[0.833]},"o":{"x":[0.167],"y":[0.167]},"t":8,"s":[17.455]},{"i":{"x":[0.833],"y":[0.833]},"o":{"x":[0.167],"y":[0.167]},"t":9,"s":[19.636]},{"i":{"x":[0.833],"y":[1.146]},"o":{"x":[0.167],"y":[0.167]},"t":10,"s":[21.818]},{"i":{"x":[0.833],"y":[0.825]},"o":{"x":[0.167],"y":[0.053]},"t":11,"s":[24]},{"i":{"x":[0.833],"y":[0.772]},"o":{"x":[0.167],"y":[0.159]},"t":12,"s":[17.992]},{"i":{"x":[0.833],"y":[0.863]},"o":{"x":[0.167],"y":[0.131]},"t":13,"s":[11.406]},{"i":{"x":[0.833],"y":[0.858]},"o":{"x":[0.167],"y":[0.213]},"t":14,"s":[0]},{"i":{"x":[0.833],"y":[0.877]},"o":{"x":[0.167],"y":[0.201]},"t":15,"s":[-7.306]},{"i":{"x":[0.833],"y":[0.928]},"o":{"x":[0.167],"y":[0.259]},"t":16,"s":[-12.487]},{"i":{"x":[0.833],"y":[0.222]},"o":{"x":[0.167],"y":[-0.548]},"t":17,"s":[-14.95]},{"i":{"x":[0.833],"y":[0.783]},"o":{"x":[0.167],"y":[0.093]},"t":18,"s":[-14.625]},{"i":{"x":[0.833],"y":[0.82]},"o":{"x":[0.167],"y":[0.135]},"t":19,"s":[-11.914]},{"i":{"x":[0.833],"y":[0.837]},"o":{"x":[0.167],"y":[0.155]},"t":20,"s":[-7.565]},{"i":{"x":[0.833],"y":[0.85]},"o":{"x":[0.167],"y":[0.17]},"t":21,"s":[-2.503]},{"i":{"x":[0.833],"y":[0.866]},"o":{"x":[0.167],"y":[0.188]},"t":22,"s":[2.342]},{"i":{"x":[0.833],"y":[0.894]},"o":{"x":[0.167],"y":[0.22]},"t":23,"s":[6.194]},{"i":{"x":[0.833],"y":[1.044]},"o":{"x":[0.167],"y":[0.391]},"t":24,"s":[8.537]},{"i":{"x":[0.833],"y":[0.726]},"o":{"x":[0.167],"y":[0.029]},"t":25,"s":[9.171]},{"i":{"x":[0.833],"y":[0.806]},"o":{"x":[0.167],"y":[0.12]},"t":26,"s":[8.205]},{"i":{"x":[0.833],"y":[0.829]},"o":{"x":[0.167],"y":[0.146]},"t":27,"s":[5.998]},{"i":{"x":[0.833],"y":[0.844]},"o":{"x":[0.167],"y":[0.163]},"t":28,"s":[3.071]},{"i":{"x":[0.833],"y":[0.858]},"o":{"x":[0.167],"y":[0.179]},"t":29,"s":[0]},{"i":{"x":[0.833],"y":[0.877]},"o":{"x":[0.167],"y":[0.201]},"t":30,"s":[-2.688]},{"i":{"x":[0.833],"y":[0.928]},"o":{"x":[0.167],"y":[0.259]},"t":31,"s":[-4.594]},{"i":{"x":[0.833],"y":[0.222]},"o":{"x":[0.167],"y":[-0.548]},"t":32,"s":[-5.5]},{"i":{"x":[0.833],"y":[0.783]},"o":{"x":[0.167],"y":[0.093]},"t":33,"s":[-5.38]},{"i":{"x":[0.833],"y":[0.82]},"o":{"x":[0.167],"y":[0.135]},"t":34,"s":[-4.383]},{"i":{"x":[0.833],"y":[0.837]},"o":{"x":[0.167],"y":[0.155]},"t":35,"s":[-2.783]},{"i":{"x":[0.833],"y":[0.85]},"o":{"x":[0.167],"y":[0.17]},"t":36,"s":[-0.921]},{"i":{"x":[0.833],"y":[0.866]},"o":{"x":[0.167],"y":[0.188]},"t":37,"s":[0.862]},{"i":{"x":[0.833],"y":[0.894]},"o":{"x":[0.167],"y":[0.22]},"t":38,"s":[2.278]},{"i":{"x":[0.833],"y":[1.044]},"o":{"x":[0.167],"y":[0.391]},"t":39,"s":[3.141]},{"i":{"x":[0.833],"y":[0.726]},"o":{"x":[0.167],"y":[0.029]},"t":40,"s":[3.374]},{"i":{"x":[0.833],"y":[0.806]},"o":{"x":[0.167],"y":[0.12]},"t":41,"s":[3.018]},{"i":{"x":[0.833],"y":[0.829]},"o":{"x":[0.167],"y":[0.146]},"t":42,"s":[2.206]},{"i":{"x":[0.833],"y":[0.844]},"o":{"x":[0.167],"y":[0.163]},"t":43,"s":[1.13]},{"i":{"x":[0.833],"y":[0.858]},"o":{"x":[0.167],"y":[0.179]},"t":44,"s":[0]},{"i":{"x":[0.833],"y":[0.877]},"o":{"x":[0.167],"y":[0.201]},"t":45,"s":[-0.989]},{"i":{"x":[0.833],"y":[0.833]},"o":{"x":[0.167],"y":[0.259]},"t":46,"s":[-1.69]},{"t":47,"s":[-2.023]}],"ix":10},"p":{"a":1,"k":[{"i":{"x":0.667,"y":1},"o":{"x":0.167,"y":0.167},"t":0,"s":[30.847,32.389,0],"to":[0,0.167,0],"ti":[0,0,0]},{"i":{"x":0.667,"y":1},"o":{"x":0.167,"y":0.167},"t":17,"s":[30.847,33.389,0],"to":[0,0,0],"ti":[0,0.167,0]},{"t":61,"s":[30.847,32.389,0]}],"ix":2},"a":{"a":0,"k":[0,0,0],"ix":1},"s":{"a":1,"k":[{"i":{"x":[0.667,0.667,0.667],"y":[1,1,1]},"o":{"x":[0.167,0.167,0.167],"y":[0.167,0.167,0.843]},"t":0,"s":[100,100,100]},{"i":{"x":[0.667,0.667,0.667],"y":[1,1,1]},"o":{"x":[0.167,0.167,0.167],"y":[0.167,0.167,-3.333]},"t":47,"s":[120,120,100]},{"t":61,"s":[100,100,100]}],"ix":6}},"ao":0,"ef":[{"ty":5,"nm":"Rotation - Overshoot","np":3,"mn":"ADBE Slider Control","ix":1,"en":1,"ef":[{"ty":0,"nm":"Slider","mn":"ADBE Slider Control-0001","ix":1,"v":{"a":0,"k":20,"ix":1,"x":"var $bm_rt;\n$bm_rt = clamp(value, 0, 100);"}}]},{"ty":5,"nm":"Rotation - Bounce","np":3,"mn":"ADBE Slider Control","ix":2,"en":1,"ef":[{"ty":0,"nm":"Slider","mn":"ADBE Slider Control-0001","ix":1,"v":{"a":0,"k":40,"ix":1,"x":"var $bm_rt;\n$bm_rt = clamp(value, 0, 100);"}}]},{"ty":5,"nm":"Rotation - Friction","np":3,"mn":"ADBE Slider Control","ix":3,"en":1,"ef":[{"ty":0,"nm":"Slider","mn":"ADBE Slider Control-0001","ix":1,"v":{"a":0,"k":40,"ix":1,"x":"var $bm_rt;\n$bm_rt = clamp(value, 0, 100);"}}]}],"shapes":[{"ind":0,"ty":"sh","ix":1,"ks":{"a":0,"k":{"i":[[1.104,0],[0,1.086],[1.104,0],[0,0],[0,1.875],[1.103,0],[0,-1.086],[2.071,-2.173],[0,-2.079],[-4.143,0],[0,0],[0,0.95],[0.967,0],[0,0],[0,1.086],[1.104,0],[0,1.086]],"o":[[1.104,0],[0,-1.086],[0,0],[0.643,-1.713],[0,-1.086],[-1.106,0],[0,2.984],[-1.408,1.34],[0,4.074],[0,0],[0.967,0],[0,-0.95],[0,0],[1.104,0],[0,-1.086],[1.104,0],[0,-1.086]],"v":[[7,0],[9,-1.967],[7,-3.934],[-0.496,-3.934],[0.502,-9.344],[-1.498,-11.311],[-3.498,-9.344],[-6.714,-1.361],[-9,3.934],[-1.5,11.311],[4.75,11.311],[6.5,9.589],[4.75,7.868],[7,7.868],[9,5.901],[7,3.934],[9,1.967]],"c":true},"ix":2},"nm":"Path 1","mn":"ADBE Vector Shape - Group","hd":false},{"ty":"fl","c":{"a":1,"k":[{"i":{"x":[0.833],"y":[0.833]},"o":{"x":[0.167],"y":[0.167]},"t":0,"s":[0,0,0,1]},{"i":{"x":[0.833],"y":[0.833]},"o":{"x":[0.167],"y":[0.167]},"t":7,"s":[1,0.815686285496,0.168627455831,1]},{"i":{"x":[0.833],"y":[0.833]},"o":{"x":[0.167],"y":[0.167]},"t":19,"s":[1,0.815686285496,0.168627455831,1]},{"i":{"x":[0.833],"y":[0.833]},"o":{"x":[0.167],"y":[0.167]},"t":47,"s":[1,0.815686285496,0.168627455831,1]},{"t":61,"s":[0,0,0,1]}],"ix":4},"o":{"a":0,"k":100,"ix":5},"r":1,"bm":0,"nm":"Fill 1","mn":"ADBE Vector Graphic - Fill","hd":false}],"ip":0,"op":62,"st":0,"bm":0},{"ddd":0,"ind":9,"ty":5,"nm":"Wanna try","sr":1,"ks":{"o":{"a":0,"k":100,"ix":11},"r":{"a":0,"k":0,"ix":10},"p":{"a":0,"k":[31.921,83.25,0],"ix":2},"a":{"a":0,"k":[0,0,0],"ix":1},"s":{"a":0,"k":[100,100,100],"ix":6}},"ao":0,"ef":[{"ty":20,"nm":"Tint","np":6,"mn":"ADBE Tint","ix":1,"en":1,"ef":[{"ty":2,"nm":"Map Black To","mn":"ADBE Tint-0001","ix":1,"v":{"a":0,"k":[0.411764711142,0.364705890417,0.768627464771,1],"ix":1}},{"ty":2,"nm":"Map White To","mn":"ADBE Tint-0002","ix":2,"v":{"a":0,"k":[0.411764711142,0.364705890417,0.768627464771,1],"ix":2}},{"ty":0,"nm":"Amount to Tint","mn":"ADBE Tint-0003","ix":3,"v":{"a":1,"k":[{"i":{"x":[0.833],"y":[0.833]},"o":{"x":[0.167],"y":[0.167]},"t":0,"s":[0]},{"i":{"x":[0.833],"y":[0.833]},"o":{"x":[0.167],"y":[0.167]},"t":13,"s":[100]},{"i":{"x":[0.833],"y":[0.833]},"o":{"x":[0.167],"y":[0.167]},"t":47,"s":[100]},{"t":61,"s":[0]}],"ix":3}},{"ty":6,"nm":"","mn":"ADBE Tint-0004","ix":4,"v":0}]}],"t":{"d":{"k":[{"s":{"s":12,"f":"SFProText-Semibold","t":"Wanna try","j":2,"tr":-17,"lh":14.4,"ls":0,"fc":[0.463,0.463,0.463]},"t":0}]},"p":{},"m":{"g":1,"a":{"a":0,"k":[0,0],"ix":2}},"a":[{"nm":"Animator 1","s":{"t":0,"xe":{"a":0,"k":0,"ix":7},"ne":{"a":0,"k":0,"ix":8},"a":{"a":0,"k":100,"ix":4},"b":3,"rn":0,"sh":1,"s":{"a":1,"k":[{"i":{"x":[0.591],"y":[0.974]},"o":{"x":[0.636],"y":[0]},"t":0,"s":[0]},{"i":{"x":[0.507],"y":[1]},"o":{"x":[0.2],"y":[-0.017]},"t":20,"s":[100]},{"i":{"x":[0.833],"y":[1]},"o":{"x":[0.167],"y":[0]},"t":47,"s":[0]},{"t":61,"s":[0]}],"ix":1},"r":1},"a":{"p":{"a":0,"k":[0,4,0],"ix":2}}}]},"ip":0,"op":62,"st":-187,"bm":0},{"ddd":0,"ind":10,"ty":4,"nm":"Shape Layer 2","sr":1,"ks":{"o":{"a":1,"k":[{"i":{"x":[0.833],"y":[0.833]},"o":{"x":[0.167],"y":[0.167]},"t":47,"s":[100]},{"t":61,"s":[0]}],"ix":11},"r":{"a":0,"k":0,"ix":10},"p":{"a":0,"k":[32,32,0],"ix":2},"a":{"a":0,"k":[2.756,-11.244,0],"ix":1},"s":{"a":1,"k":[{"i":{"x":[0.833,0.833,0.833],"y":[-0.417,-0.417,1]},"o":{"x":[0.167,0.167,0.167],"y":[0.167,0.167,0]},"t":0,"s":[0,0,100]},{"i":{"x":[0.833,0.833,0.833],"y":[0.506,0.506,1]},"o":{"x":[0.167,0.167,0.167],"y":[0.089,0.089,0]},"t":1,"s":[0.009,0.009,100]},{"i":{"x":[0.833,0.833,0.833],"y":[0.637,0.637,1]},"o":{"x":[0.167,0.167,0.167],"y":[0.1,0.1,0]},"t":2,"s":[0.158,0.158,100]},{"i":{"x":[0.833,0.833,0.833],"y":[0.663,0.663,1]},"o":{"x":[0.167,0.167,0.167],"y":[0.108,0.108,0]},"t":3,"s":[0.892,0.892,100]},{"i":{"x":[0.833,0.833,0.833],"y":[0.688,0.688,1]},"o":{"x":[0.167,0.167,0.167],"y":[0.111,0.111,0]},"t":4,"s":[3.357,3.357,100]},{"i":{"x":[0.833,0.833,0.833],"y":[0.819,0.819,1]},"o":{"x":[0.167,0.167,0.167],"y":[0.114,0.114,0]},"t":5,"s":[10.864,10.864,100]},{"i":{"x":[0.833,0.833,0.833],"y":[0.862,0.862,1]},"o":{"x":[0.167,0.167,0.167],"y":[0.154,0.154,0]},"t":6,"s":[31.5,31.5,100]},{"i":{"x":[0.833,0.833,0.833],"y":[0.86,0.86,1]},"o":{"x":[0.167,0.167,0.167],"y":[0.21,0.21,0]},"t":7,"s":[55.724,55.724,100]},{"i":{"x":[0.833,0.833,0.833],"y":[0.859,0.859,1]},"o":{"x":[0.167,0.167,0.167],"y":[0.207,0.207,0]},"t":8,"s":[71.721,71.721,100]},{"i":{"x":[0.833,0.833,0.833],"y":[0.86,0.86,1]},"o":{"x":[0.167,0.167,0.167],"y":[0.203,0.203,0]},"t":9,"s":[82.544,82.544,100]},{"i":{"x":[0.833,0.833,0.833],"y":[0.865,0.865,1]},"o":{"x":[0.167,0.167,0.167],"y":[0.206,0.206,0]},"t":10,"s":[90.084,90.084,100]},{"i":{"x":[0.833,0.833,0.833],"y":[0.878,0.878,1]},"o":{"x":[0.167,0.167,0.167],"y":[0.218,0.218,0]},"t":11,"s":[95.21,95.21,100]},{"i":{"x":[0.833,0.833,0.833],"y":[0.911,0.911,1]},"o":{"x":[0.167,0.167,0.167],"y":[0.263,0.263,0]},"t":12,"s":[98.377,98.377,100]},{"i":{"x":[0.833,0.833,0.833],"y":[1.176,1.176,1]},"o":{"x":[0.167,0.167,0.167],"y":[1.281,1.281,0]},"t":13,"s":[99.846,99.846,100]},{"i":{"x":[0.833,0.833,0.833],"y":[0.784,0.784,1]},"o":{"x":[0.167,0.167,0.167],"y":[0.057,0.057,0]},"t":14,"s":[99.948,99.948,100]},{"i":{"x":[0.833,0.833,0.833],"y":[0.822,0.822,1]},"o":{"x":[0.167,0.167,0.167],"y":[0.136,0.136,0]},"t":15,"s":[99.63,99.63,100]},{"i":{"x":[0.833,0.833,0.833],"y":[0.84,0.84,1]},"o":{"x":[0.167,0.167,0.167],"y":[0.157,0.157,0]},"t":16,"s":[99.124,99.124,100]},{"i":{"x":[0.833,0.833,0.833],"y":[0.856,0.856,1]},"o":{"x":[0.167,0.167,0.167],"y":[0.174,0.174,0]},"t":17,"s":[98.551,98.551,100]},{"i":{"x":[0.833,0.833,0.833],"y":[0.88,0.88,1]},"o":{"x":[0.167,0.167,0.167],"y":[0.199,0.199,0]},"t":18,"s":[98.026,98.026,100]},{"i":{"x":[0.833,0.833,0.833],"y":[0.956,0.956,1]},"o":{"x":[0.167,0.167,0.167],"y":[0.275,0.275,0]},"t":19,"s":[97.647,97.647,100]},{"i":{"x":[0.833,0.833,0.833],"y":[0.588,0.588,1]},"o":{"x":[0.167,0.167,0.167],"y":[-0.093,-0.093,0]},"t":20,"s":[97.482,97.482,100]},{"i":{"x":[0.833,0.833,0.833],"y":[0.786,0.786,1]},"o":{"x":[0.167,0.167,0.167],"y":[0.104,0.104,0]},"t":21,"s":[97.56,97.56,100]},{"i":{"x":[0.833,0.833,0.833],"y":[0.818,0.818,1]},"o":{"x":[0.167,0.167,0.167],"y":[0.137,0.137,0]},"t":22,"s":[97.867,97.867,100]},{"i":{"x":[0.833,0.833,0.833],"y":[0.837,0.837,1]},"o":{"x":[0.167,0.167,0.167],"y":[0.154,0.154,0]},"t":23,"s":[98.349,98.349,100]},{"i":{"x":[0.833,0.833,0.833],"y":[0.855,0.855,1]},"o":{"x":[0.167,0.167,0.167],"y":[0.17,0.17,0]},"t":24,"s":[98.917,98.917,100]},{"i":{"x":[0.833,0.833,0.833],"y":[0.888,0.888,1]},"o":{"x":[0.167,0.167,0.167],"y":[0.197,0.197,0]},"t":25,"s":[99.461,99.461,100]},{"i":{"x":[0.833,0.833,0.833],"y":[0.94,0.94,1]},"o":{"x":[0.167,0.167,0.167],"y":[0.326,0.326,0]},"t":26,"s":[99.862,99.862,100]},{"i":{"x":[0.833,0.833,0.833],"y":[0.789,0.789,1]},"o":{"x":[0.167,0.167,0.167],"y":[-0.211,-0.211,0]},"t":27,"s":[100,100,100]},{"i":{"x":[0.833,0.833,0.833],"y":[0.868,0.868,1]},"o":{"x":[0.167,0.167,0.167],"y":[0.138,0.138,0]},"t":28,"s":[99.961,99.961,100]},{"i":{"x":[0.833,0.833,0.833],"y":[0.943,0.943,1]},"o":{"x":[0.167,0.167,0.167],"y":[0.226,0.226,0]},"t":29,"s":[99.901,99.901,100]},{"i":{"x":[0.833,0.833,0.833],"y":[0.529,0.529,1]},"o":{"x":[0.167,0.167,0.167],"y":[-0.185,-0.185,0]},"t":30,"s":[99.866,99.866,100]},{"i":{"x":[0.833,0.833,0.833],"y":[0.822,0.822,1]},"o":{"x":[0.167,0.167,0.167],"y":[0.101,0.101,0]},"t":31,"s":[99.877,99.877,100]},{"i":{"x":[0.833,0.833,0.833],"y":[0.896,0.896,1]},"o":{"x":[0.167,0.167,0.167],"y":[0.156,0.156,0]},"t":32,"s":[99.927,99.927,100]},{"i":{"x":[0.833,0.833,0.833],"y":[0.954,0.954,1]},"o":{"x":[0.167,0.167,0.167],"y":[0.418,0.418,0]},"t":33,"s":[99.985,99.985,100]},{"i":{"x":[0.833,0.833,0.833],"y":[0.941,0.941,1]},"o":{"x":[0.167,0.167,0.167],"y":[-0.102,-0.102,0]},"t":34,"s":[99.999,99.999,100]},{"i":{"x":[0.833,0.833,0.833],"y":[0.666,0.666,1]},"o":{"x":[0.167,0.167,0.167],"y":[-0.198,-0.198,0]},"t":35,"s":[99.992,99.992,100]},{"i":{"x":[0.833,0.833,0.833],"y":[0.917,0.917,1]},"o":{"x":[0.167,0.167,0.167],"y":[0.111,0.111,0]},"t":36,"s":[99.994,99.994,100]},{"i":{"x":[0.833,0.833,0.833],"y":[1,1,1]},"o":{"x":[0.167,0.167,0.167],"y":[0,0,0]},"t":37,"s":[100,100,100]},{"i":{"x":[0.833,0.833,0.833],"y":[1,1,1]},"o":{"x":[0.167,0.167,0.167],"y":[0,0,0]},"t":38,"s":[100,100,100]},{"i":{"x":[0.833,0.833,0.833],"y":[1,1,1]},"o":{"x":[0.167,0.167,0.167],"y":[0,0,0]},"t":39,"s":[100,100,100]},{"i":{"x":[0.833,0.833,0.833],"y":[1,1,1]},"o":{"x":[0.167,0.167,0.167],"y":[0,0,0]},"t":40,"s":[100,100,100]},{"i":{"x":[0.833,0.833,0.833],"y":[1,1,1]},"o":{"x":[0.167,0.167,0.167],"y":[0,0,0]},"t":41,"s":[100,100,100]},{"i":{"x":[0.833,0.833,0.833],"y":[1,1,1]},"o":{"x":[0.167,0.167,0.167],"y":[0,0,0]},"t":42,"s":[100,100,100]},{"i":{"x":[0.833,0.833,0.833],"y":[1,1,1]},"o":{"x":[0.167,0.167,0.167],"y":[0,0,0]},"t":43,"s":[100,100,100]},{"i":{"x":[0.833,0.833,0.833],"y":[1,1,1]},"o":{"x":[0.167,0.167,0.167],"y":[0,0,0]},"t":44,"s":[100,100,100]},{"i":{"x":[0.833,0.833,0.833],"y":[1,1,1]},"o":{"x":[0.167,0.167,0.167],"y":[0,0,0]},"t":45,"s":[100,100,100]},{"i":{"x":[0.833,0.833,0.833],"y":[1,1,1]},"o":{"x":[0.167,0.167,0.167],"y":[0,0,0]},"t":46,"s":[100,100,100]},{"t":47,"s":[100,100,100]}],"ix":6}},"ao":0,"shapes":[{"ty":"gr","it":[{"d":1,"ty":"el","s":{"a":0,"k":[64,64],"ix":2},"p":{"a":0,"k":[0,0],"ix":3},"nm":"Ellipse Path 1","mn":"ADBE Vector Shape - Ellipse","hd":false},{"ty":"st","c":{"a":0,"k":[0,0,0,1],"ix":3},"o":{"a":0,"k":100,"ix":4},"w":{"a":0,"k":0,"ix":5},"lc":1,"lj":1,"ml":4,"bm":0,"nm":"Stroke 1","mn":"ADBE Vector Graphic - Stroke","hd":false},{"ty":"fl","c":{"a":0,"k":[0.411764705882,0.364705882353,0.76862745098,1],"ix":4},"o":{"a":0,"k":100,"ix":5},"r":1,"bm":0,"nm":"Fill 1","mn":"ADBE Vector Graphic - Fill","hd":false},{"ty":"tr","p":{"a":0,"k":[2.756,-11.244],"ix":2},"a":{"a":0,"k":[0,0],"ix":1},"s":{"a":0,"k":[100,100],"ix":3},"r":{"a":0,"k":0,"ix":6},"o":{"a":0,"k":100,"ix":7},"sk":{"a":0,"k":0,"ix":4},"sa":{"a":0,"k":0,"ix":5},"nm":"Transform"}],"nm":"Ellipse 1","np":3,"cix":2,"bm":0,"ix":1,"mn":"ADBE Vector Group","hd":false}],"ip":0,"op":62,"st":0,"bm":0},{"ddd":0,"ind":11,"ty":4,"nm":"Shape Layer 1","sr":1,"ks":{"o":{"a":0,"k":100,"ix":11},"r":{"a":0,"k":0,"ix":10},"p":{"a":0,"k":[32,32,0],"ix":2},"a":{"a":0,"k":[2.756,-11.244,0],"ix":1},"s":{"a":0,"k":[100,100,100],"ix":6}},"ao":0,"shapes":[{"ty":"gr","it":[{"d":1,"ty":"el","s":{"a":0,"k":[64,64],"ix":2},"p":{"a":0,"k":[0,0],"ix":3},"nm":"Ellipse Path 1","mn":"ADBE Vector Shape - Ellipse","hd":false},{"ty":"st","c":{"a":0,"k":[0,0,0,1],"ix":3},"o":{"a":0,"k":100,"ix":4},"w":{"a":0,"k":0,"ix":5},"lc":1,"lj":1,"ml":4,"bm":0,"nm":"Stroke 1","mn":"ADBE Vector Graphic - Stroke","hd":false},{"ty":"fl","c":{"a":0,"k":[0.937254901961,0.937254901961,0.937254901961,1],"ix":4},"o":{"a":0,"k":100,"ix":5},"r":1,"bm":0,"nm":"Fill 1","mn":"ADBE Vector Graphic - Fill","hd":false},{"ty":"tr","p":{"a":0,"k":[2.756,-11.244],"ix":2},"a":{"a":0,"k":[0,0],"ix":1},"s":{"a":0,"k":[100,100],"ix":3},"r":{"a":0,"k":0,"ix":6},"o":{"a":0,"k":100,"ix":7},"sk":{"a":0,"k":0,"ix":4},"sa":{"a":0,"k":0,"ix":5},"nm":"Transform"}],"nm":"Ellipse 1","np":3,"cix":2,"bm":0,"ix":1,"mn":"ADBE Vector Group","hd":false}],"ip":0,"op":62,"st":-187,"bm":0}],"markers":[{"tm":47,"cm":"1","dr":0},{"tm":61,"cm":"2","dr":0}],"chars":[{"ch":"W","size":12,"style":"Semibold","w":99.41,"data":{"shapes":[{"ty":"gr","it":[{"ind":0,"ty":"sh","ix":1,"ks":{"a":0,"k":{"i":[[0,0],[0,0],[0,0],[0,0],[0,0],[0,0],[0,0],[0,0],[0,0],[0,0],[0,0],[0,0],[0,0],[0,0],[0,0],[0,0]],"o":[[0,0],[0,0],[0,0],[0,0],[0,0],[0,0],[0,0],[0,0],[0,0],[0,0],[0,0],[0,0],[0,0],[0,0],[0,0],[0,0]],"v":[[49.316,-50.439],[50.049,-50.439],[64.404,0],[76.221,0],[95.117,-70.459],[82.08,-70.459],[70.02,-17.578],[69.336,-17.578],[55.273,-70.459],[44.092,-70.459],[30.225,-17.578],[29.492,-17.578],[17.432,-70.459],[4.297,-70.459],[23.193,0],[35.059,0]],"c":true},"ix":2},"nm":"W","mn":"ADBE Vector Shape - Group","hd":false}],"nm":"W","np":3,"cix":2,"bm":0,"ix":1,"mn":"ADBE Vector Group","hd":false}]},"fFamily":"SF Pro Text"},{"ch":"a","size":12,"style":"Semibold","w":57.57,"data":{"shapes":[{"ty":"gr","it":[{"ind":0,"ty":"sh","ix":1,"ks":{"a":0,"k":{"i":[[-10.303,0],[-2.979,5.176],[0,0],[0,0],[0,0],[0,0],[13.721,0],[0.977,-9.326],[0,0],[-5.566,0],[0,-5.322],[0,0],[0,0],[0,-9.57]],"o":[[6.982,0],[0,0],[0,0],[0,0],[0,0],[0,-11.279],[-12.695,0],[0,0],[1.123,-3.662],[6.543,0],[0,0],[0,0],[-12.988,0.732],[0,9.766]],"v":[[22.119,0.879],[37.939,-7.324],[38.77,-7.324],[38.77,0],[50.439,0],[50.439,-36.475],[29.004,-54.395],[6.494,-39.111],[17.92,-39.111],[28.418,-44.775],[38.477,-36.475],[38.477,-31.885],[24.707,-31.055],[4.443,-15.137]],"c":true},"ix":2},"nm":"a","mn":"ADBE Vector Shape - Group","hd":false},{"ind":1,"ty":"sh","ix":2,"ks":{"a":0,"k":{"i":[[7.324,0],[0,4.59],[-6.787,0.439],[0,0],[0,0]],"o":[[-5.371,0],[0,-4.443],[0,0],[0,0],[0,6.348]],"v":[[25.684,-8.447],[16.455,-15.723],[26.416,-23.096],[38.477,-23.926],[38.477,-19.58]],"c":true},"ix":2},"nm":"a","mn":"ADBE Vector Shape - Group","hd":false}],"nm":"a","np":5,"cix":2,"bm":0,"ix":1,"mn":"ADBE Vector Group","hd":false}]},"fFamily":"SF Pro Text"},{"ch":"n","size":12,"style":"Semibold","w":61.13,"data":{"shapes":[{"ty":"gr","it":[{"ind":0,"ty":"sh","ix":1,"ks":{"a":0,"k":{"i":[[0,0],[0,0],[0,0],[-7.227,0],[0,-8.301],[0,0],[0,0],[0,0],[11.914,0],[2.539,-5.957],[0,0],[0,0],[0,0]],"o":[[0,0],[0,0],[0,-8.008],[7.373,0],[0,0],[0,0],[0,0],[0,-12.695],[-7.959,0],[0,0],[0,0],[0,0],[0,0]],"v":[[7.422,0],[19.531,0],[19.531,-31.104],[31.299,-44.141],[42.09,-31.689],[42.09,0],[54.199,0],[54.199,-34.521],[35.791,-54.395],[19.922,-44.824],[19.092,-44.824],[19.092,-53.369],[7.422,-53.369]],"c":true},"ix":2},"nm":"n","mn":"ADBE Vector Shape - Group","hd":false}],"nm":"n","np":3,"cix":2,"bm":0,"ix":1,"mn":"ADBE Vector Group","hd":false}]},"fFamily":"SF Pro Text"},{"ch":" ","size":12,"style":"Semibold","w":26.66,"data":{},"fFamily":"SF Pro Text"},{"ch":"t","size":12,"style":"Semibold","w":39.75,"data":{"shapes":[{"ty":"gr","it":[{"ind":0,"ty":"sh","ix":1,"ks":{"a":0,"k":{"i":[[0,0],[0,0],[0,0],[0,0],[0,0],[0,0],[-12.256,0],[-1.758,0.342],[0,0],[1.709,0],[0,5.322],[0,0],[0,0],[0,0],[0,0],[0,0]],"o":[[0,0],[0,0],[0,0],[0,0],[0,0],[0,10.303],[2.344,0],[0,0],[-1.465,0.146],[-5.078,0],[0,0],[0,0],[0,0],[0,0],[0,0],[0,0]],"v":[[11.279,-66.455],[11.279,-53.027],[2.832,-53.027],[2.832,-43.604],[11.279,-43.604],[11.279,-14.16],[28.418,0.244],[34.766,-0.293],[34.766,-9.57],[30.664,-9.326],[23.34,-17.041],[23.34,-43.604],[34.766,-43.604],[34.766,-53.027],[23.34,-53.027],[23.34,-66.455]],"c":true},"ix":2},"nm":"t","mn":"ADBE Vector Shape - Group","hd":false}],"nm":"t","np":3,"cix":2,"bm":0,"ix":1,"mn":"ADBE Vector Group","hd":false}]},"fFamily":"SF Pro Text"},{"ch":"r","size":12,"style":"Semibold","w":42.24,"data":{"shapes":[{"ty":"gr","it":[{"ind":0,"ty":"sh","ix":1,"ks":{"a":0,"k":{"i":[[0,0],[0,0],[0,0],[-7.861,0],[-0.928,-0.342],[0,0],[1.758,0],[1.465,-5.273],[0,0],[0,0],[0,0]],"o":[[0,0],[0,0],[0,-7.52],[2.051,0],[0,0],[-1.123,-0.293],[-6.885,0],[0,0],[0,0],[0,0],[0,0]],"v":[[7.422,0],[19.531,0],[19.531,-31.006],[32.861,-43.408],[39.062,-42.725],[39.062,-53.76],[34.033,-54.248],[19.922,-45.068],[19.092,-45.068],[19.092,-53.369],[7.422,-53.369]],"c":true},"ix":2},"nm":"r","mn":"ADBE Vector Shape - Group","hd":false}],"nm":"r","np":3,"cix":2,"bm":0,"ix":1,"mn":"ADBE Vector Group","hd":false}]},"fFamily":"SF Pro Text"},{"ch":"y","size":12,"style":"Semibold","w":57.76,"data":{"shapes":[{"ty":"gr","it":[{"ind":0,"ty":"sh","ix":1,"ks":{"a":0,"k":{"i":[[-0.732,0],[-4.541,13.135],[0,0],[0,0],[0,0],[0,0],[0,0],[0,0],[0,0],[0,0],[5.127,0],[0.684,0.098],[0,0]],"o":[[11.963,0],[0,0],[0,0],[0,0],[0,0],[0,0],[0,0],[0,0],[0,0],[-1.562,5.029],[-0.83,0],[0,0],[0.781,0.146]],"v":[[13.281,19.336],[35.498,1.855],[54.785,-53.369],[41.992,-53.369],[29.541,-11.475],[28.711,-11.475],[16.211,-53.369],[2.93,-53.369],[22.021,0.195],[21.387,2.686],[11.816,9.668],[8.496,9.521],[8.496,19.141]],"c":true},"ix":2},"nm":"y","mn":"ADBE Vector Shape - Group","hd":false}],"nm":"y","np":3,"cix":2,"bm":0,"ix":1,"mn":"ADBE Vector Group","hd":false}]},"fFamily":"SF Pro Text"}]}